Rk,Mgr,Yrs,From,To,W,L,W-L%,Ties,G>.500,G,Wpost,Lpost,W-L%post,BestFin,WrstFin,AvRk,Ejections,Plyof App,WSwon,PennWon,ASG,,Player/Manager
1,Manny Acta,6,2007,2012,372,518,.418,0,-146,890,0,0,,2,5,4.1,8,0,0,0,0,,
2,Bill Adair,1,1970,1970,4,6,.400,0,-2,10,0,0,,6,6,6.0,0,0,0,0,0,,
3,Joe Adcock,1,1967,1967,75,87,.463,0,-12,162,0,0,,8,8,8.0,3,0,0,0,0,as player,
4,Bob Addy,2,1875,1877,8,23,.258,0,-15,31,0,0,,5,6,5.8,0,0,0,0,0,as player,plyr/mgr: 1875-1877
5,Bob Allen,2,1890,1900,87,87,.500,5,0,179,0,0,,3,7,6.2,0,0,0,0,0,as player,plyr/mgr: 1890-1900
6,Newt Allen,1,1941,1941,34,13,.723,0,21,47,0,0,,1,1,1.0,,1,0,1,0,as player,
7,Todd Allen,1,1925,1925,17,53,.243,0,-36,70,0,0,,8,8,8.0,,0,0,0,0,as player,
8,Doug Allison,1,1873,1873,2,21,.087,0,-19,23,0,0,,8,8,8.0,0,0,0,0,0,as player,
9,Sandy Alomar,1,2012,2012,3,3,.500,0,0,6,0,0,,4,4,4.0,0,0,0,0,0,as player,
10,Felipe Alou,14,1992,2006,1033,1021,.503,1,12,2055,1,3,.250,1,5,2.9,18,1,0,0,1,as player,
11,Walter Alston HOF,23,1954,1976,2040,1613,.558,5,427,3658,23,21,.523,1,8,2.9,37,7,4,7,9,as player,
12,Joe Altobelli,7,1977,1991,437,407,.518,0,30,844,7,2,.778,1,5,3.4,18,1,1,1,1,as player,
13,Joey Amalfitano,3,1979,1981,66,116,.363,3,-50,185,0,0,,5,6,5.7,1,0,0,0,0,as player,
14,Sparky Anderson HOF,26,1970,1995,2194,1834,.545,2,360,4030,34,21,.618,1,7,2.9,56,7,3,5,5,as player,
15,Cap Anson HOF,21,1875,1898,1295,947,.578,46,348,2288,5,7,.417,1,9,4.0,7,0,0,5,0,as player,plyr/mgr: 1875-1897
16,Luke Appling HOF,1,1967,1967,10,30,.250,0,-20,40,0,0,,10,10,10.0,0,0,0,0,0,as player,
17,Bill Armour,5,1902,1906,382,347,.524,7,35,736,0,0,,3,6,4.2,3,0,0,0,0,,
18,Ken Aspromonte,3,1972,1974,220,260,.458,0,-40,480,0,0,,4,6,5.0,6,0,0,0,0,as player,
19,Brad Ausmus,5,2014,2019,386,422,.478,0,-36,808,0,3,.000,1,5,3.4,17,1,0,0,0,as player,
20,Jimmy Austin,3,1913,1923,31,44,.413,0,-13,75,0,0,,5,8,5.3,1,0,0,0,0,as player,plyr/mgr: 1913-1923
21,Del Baker,9,1933,1960,419,360,.538,6,59,785,3,4,.429,1,7,3.6,2,1,0,1,1,as player,
22,Dusty Baker,24,1993,2021,1987,1734,.534,1,253,3722,40,44,.476,1,6,2.4,23,11,0,2,1,as player,
23,Rocco Baldelli,3,2019,2021,210,174,.547,0,36,384,0,5,.000,1,5,2.7,6,2,0,0,0,as player,
24,George Bamberger,7,1978,1986,458,478,.489,0,-20,936,0,0,,2,6,4.5,21,0,0,0,0,as player,
25,Dave Bancroft HOF,4,1924,1927,249,363,.407,3,-114,615,0,0,,5,8,6.8,7,0,0,0,0,as player,plyr/mgr: 1924-1927
26,Frank Bancroft,9,1880,1902,375,333,.530,10,42,718,3,0,1.000,1,7,4.2,0,0,1,1,0,,
27,Jeff Banister,4,2015,2018,325,313,.509,0,12,638,2,6,.250,1,5,2.5,16,2,0,0,0,as player,
28,Rod Barajas,1,2019,2019,1,7,.125,0,-6,8,0,0,,5,5,5.0,0,0,0,0,0,as player,
29,Marvin Barker,4,1945,1948,52,147,.261,5,-95,204,0,0,,6,6,6.0,,0,0,0,0,as player,
30,Sam Barkley,1,1888,1888,21,36,.368,1,-15,58,0,0,,8,8,8.0,0,0,0,0,0,as player,plyr/mgr: 1888
31,Billy Barnie,14,1883,1898,632,810,.438,35,-178,1477,0,0,,3,12,7.0,0,0,0,0,0,as player,plyr/mgr: 1883-1886
32,Bernardo Baró,1,1927,1927,12,14,.462,1,-2,27,0,0,,3,3,3.0,,0,0,0,0,as player,
33,Ed Barrow HOF,5,1903,1920,310,320,.492,9,-10,639,4,2,.667,1,7,4.7,1,1,1,1,0,,
34,Jack Barry,1,1917,1917,90,62,.592,5,28,157,0,0,,2,2,2.0,2,0,0,0,0,as player,plyr/mgr: 1917
35,Joe Battin,2,1883,1884,9,23,.281,0,-14,32,0,0,,5,10,7.8,0,0,0,0,0,as player,plyr/mgr: 1883-1884
36,Hank Bauer,8,1961,1969,594,544,.522,1,50,1139,4,0,1.000,1,9,4.5,14,1,1,1,1,as player,plyr/mgr: 1961
37,Don Baylor,9,1993,2002,627,689,.476,0,-62,1316,1,3,.250,2,6,3.9,12,1,0,0,0,as player,
38,John Beckwith,3,1925,1932,63,53,.543,1,10,117,0,0,,2,5,2.5,,0,0,0,0,as player,
39,Buddy Bell,9,1996,2007,519,724,.418,0,-205,1243,0,0,,3,5,4.6,42,0,0,0,0,as player,
40,David Bell,3,2019,2021,189,195,.492,0,-6,384,0,2,.000,2,4,3.3,16,1,0,0,0,as player,
41,William Bell,3,1935,1948,59,76,.437,4,-17,139,0,0,,3,8,4.6,,0,0,0,0,as player,
42,Vern Benson,1,1977,1977,1,0,1.000,0,1,1,0,0,,6,6,6.0,0,0,0,0,0,as player,
43,Yogi Berra HOF,7,1964,1985,484,444,.522,2,40,930,9,10,.474,1,5,2.6,13,2,0,2,1,as player,
44,Terry Bevington,3,1995,1997,222,214,.509,1,8,437,0,0,,2,3,2.3,8,0,0,0,0,,
45,Hugo Bezdek,3,1917,1919,166,187,.470,3,-21,356,0,0,,4,8,5.0,7,0,0,0,0,,
46,John Bickerton,1,1884,1884,0,1,.000,0,-1,1,0,0,,12,12,12.0,0,0,0,0,0,,
47,Joe Birmingham,4,1912,1915,170,191,.471,7,-21,368,0,0,,3,8,5.6,7,0,0,0,0,as player,plyr/mgr: 1912-1914
48,Del Bissonette,1,1945,1945,25,34,.424,1,-9,60,0,0,,6,6,6.0,1,0,0,0,0,as player,
49,Bud Black,14,2007,2021,998,1072,.482,0,-74,2070,1,4,.200,2,5,3.5,32,2,0,0,0,as player,
50,Lena Blackburne,2,1928,1929,99,133,.427,0,-34,232,0,0,,5,7,6.3,2,0,0,0,0,as player,plyr/mgr: 1929
51,Ray Blades,3,1939,1948,107,85,.557,3,22,195,0,0,,2,3,2.2,1,0,0,0,0,as player,
52,Walter Blair,1,1915,1915,1,1,.500,0,0,2,0,0,,6,6,6.0,0,0,0,0,0,as player,plyr/mgr: 1915
53,Ossie Bluege,5,1943,1947,375,394,.488,3,-19,772,0,0,,2,8,4.6,4,0,0,0,0,as player,
54,Bruce Bochy,25,1995,2019,2003,2029,.497,0,-26,4032,44,33,.571,1,5,3.0,77,8,3,4,4,as player,
55,Tim Bogar,1,2014,2014,14,8,.636,0,6,22,0,0,,5,5,5.0,0,0,0,0,0,as player,
56,John Boles,4,1996,2001,205,241,.460,0,-36,446,0,0,,3,5,3.7,5,0,0,0,0,,
57,Tommy Bond,1,1882,1882,2,4,.333,0,-2,6,0,0,,8,8,8.0,0,0,0,0,0,as player,plyr/mgr: 1882
58,Aaron Boone,4,2018,2021,328,218,.601,0,110,546,11,11,.500,1,2,1.7,17,4,0,0,0,as player,
59,Alonzo Boone,1,1948,1948,39,37,.513,2,2,78,0,0,,3,3,3.0,,0,0,0,0,as player,
60,Bob Boone,6,1995,2003,371,444,.455,0,-73,815,0,0,,2,5,4.1,8,0,0,0,0,as player,
61,Steve Boros,3,1983,1986,168,200,.457,0,-32,368,0,0,,4,4,4.0,1,0,0,0,0,as player,
62,Jim Bottomley HOF,1,1937,1937,21,56,.273,1,-35,78,0,0,,8,8,8.0,0,0,0,0,0,as player,plyr/mgr: 1937
63,Lou Boudreau HOF,16,1942,1960,1162,1224,.487,18,-62,2404,4,2,.667,1,8,4.8,17,1,1,1,1,as player,plyr/mgr: 1942-1952
64,Larry Bowa,6,1987,2004,418,435,.490,0,-17,853,0,0,,2,6,3.2,29,0,0,0,0,as player,
65,Frank Bowerman,1,1909,1909,22,54,.289,0,-32,76,0,0,,8,8,8.0,0,0,0,0,0,as player,plyr/mgr: 1909
66,Bill Boyd,1,1875,1875,0,2,.000,0,-2,2,0,0,,12,12,12.0,0,0,0,0,0,as player,plyr/mgr: 1875
67,Ken Boyer,3,1978,1980,166,190,.466,1,-24,357,0,0,,3,5,3.9,4,0,0,0,0,as player,
68,Bill Bradley,2,1905,1914,97,98,.497,3,-1,198,0,0,,5,5,5.0,4,0,0,0,0,as player,plyr/mgr: 1905-1914
69,Bobby Bragan,7,1956,1966,443,478,.481,6,-35,927,0,0,,4,7,5.7,19,0,0,0,0,as player,
70,Bob Brenly,4,2001,2004,303,262,.536,0,41,565,11,9,.550,1,5,2.1,11,2,1,1,1,as player,
71,Roger Bresnahan HOF,5,1909,1915,328,432,.432,14,-104,774,0,0,,4,7,5.8,29,0,0,0,0,as player,plyr/mgr: 1909-1915
72,Otto Briggs,2,1927,1934,36,59,.379,1,-23,96,0,0,,6,7,6.3,,0,0,0,0,as player,
73,Dave Bristol,11,1966,1980,657,764,.462,3,-107,1424,0,0,,3,7,4.9,37,0,0,0,0,,
74,Daren Brown,1,2010,2010,19,31,.380,0,-12,50,0,0,,4,4,4.0,0,0,0,0,0,,
75,Freeman Brown,1,1882,1882,9,32,.220,0,-23,41,0,0,,8,8,8.0,0,0,0,0,0,,
76,Jim Brown,3,1929,1932,128,119,.518,1,9,248,0,0,,3,12,4.7,,0,0,0,0,as player,
77,Larry Brown,6,1935,1948,176,267,.397,13,-91,456,0,0,,4,6,5.2,,0,0,0,0,as player,
78,Mordecai Brown HOF,1,1914,1914,50,63,.442,1,-13,114,0,0,,8,8,8.0,1,0,0,0,0,as player,plyr/mgr: 1914
79,Tom Brown,2,1897,1898,64,72,.471,1,-8,137,0,0,,6,11,7.4,2,0,0,0,0,as player,plyr/mgr: 1897-1898
80,Earle Brucker,1,1952,1952,3,2,.600,0,1,5,0,0,,6,6,6.0,0,0,0,0,0,as player,
81,Al Buckenberger,9,1889,1904,488,539,.475,16,-51,1043,0,0,,2,11,5.1,0,0,0,0,0,,
82,Charlie Buffinton,1,1890,1890,61,54,.530,1,7,116,0,0,,5,5,5.0,0,0,0,0,0,as player,plyr/mgr: 1890
83,Walter Burch,1,1942,1942,13,9,.591,1,4,23,0,0,,1,1,1.0,,0,0,0,0,as player,
84,Jack Burdock,1,1883,1883,30,24,.556,0,6,54,0,0,,1,1,1.0,0,0,0,0,0,as player,plyr/mgr: 1883
85,Jimmy Burke,4,1905,1920,206,236,.466,3,-30,445,0,0,,4,6,4.9,1,0,0,0,0,as player,plyr/mgr: 1905
86,Tex Burnett,5,1937,1943,72,131,.355,5,-59,208,0,0,,2,7,4.7,,0,0,0,0,as player,
87,Watch Burnham,1,1887,1887,6,22,.214,0,-16,28,0,0,,8,8,8.0,0,0,0,0,0,,
88,Tom Burns,3,1892,1899,187,170,.524,7,17,364,0,0,,4,8,5.9,0,0,0,0,0,as player,plyr/mgr: 1892
89,Bill Burwell,1,1947,1947,1,0,1.000,0,1,1,0,0,,7,7,7.0,0,0,0,0,0,as player,
90,Donie Bush,7,1923,1933,497,539,.480,9,-42,1045,0,4,.000,1,8,4.9,18,1,0,1,0,as player,plyr/mgr: 1923
91,Ormond Butler,1,1883,1883,17,36,.321,0,-19,53,0,0,,7,7,7.0,0,0,0,0,0,,
92,Charlie Byrne,3,1885,1887,174,172,.503,8,2,354,0,0,,3,6,4.6,0,0,0,0,0,,
93,Jimmy Callahan,7,1903,1917,394,458,.462,14,-64,866,0,0,,3,8,5.8,15,0,0,0,0,as player,plyr/mgr: 1903-1913
94,Mickey Callaway,2,2018,2019,163,161,.503,0,2,324,0,0,,3,4,3.5,6,0,0,0,0,as player,
95,Count Campau,1,1890,1890,27,14,.659,1,13,42,0,0,,3,3,3.0,0,0,0,0,0,as player,plyr/mgr: 1890
96,Walter Cannady,1,1938,1938,11,28,.282,1,-17,40,0,0,,6,6,6.0,,0,0,0,0,as player,
97,Joe Cantillon,3,1907,1909,158,297,.347,10,-139,465,0,0,,7,8,7.7,3,0,0,0,0,,
98,Max Carey HOF,2,1932,1933,146,161,.476,4,-15,311,0,0,,3,6,4.5,7,0,0,0,0,as player,
99,Tom Carey,2,1873,1874,27,21,.563,1,6,49,0,0,,2,3,2.5,0,0,0,0,0,as player,plyr/mgr: 1873-1874
100,Bill Carrigan,7,1913,1929,489,500,.494,14,-11,1003,8,2,.800,1,8,4.6,7,2,2,2,0,as player,plyr/mgr: 1913-1916
101,Bob Caruthers,1,1892,1892,16,32,.333,2,-16,50,0,0,,11,11,11.0,0,0,0,0,0,as player,plyr/mgr: 1892
102,Kevin Cash,7,2015,2021,554,478,.537,0,76,1032,15,15,.500,1,5,2.9,11,3,0,1,1,as player,
103,Phil Cavarretta,3,1951,1953,169,213,.442,2,-44,384,0,0,,5,8,6.4,8,0,0,0,0,as player,plyr/mgr: 1951-1953
104,Ollie Caylor,3,1885,1887,163,182,.472,8,-19,353,0,0,,2,7,4.6,0,0,0,0,0,,
105,Pelayo Chacón,5,1923,1927,103,112,.479,3,-9,218,0,0,,2,8,4.6,,0,0,0,0,as player,
106,Frank Chance HOF,11,1905,1923,946,648,.593,26,298,1620,11,9,.550,1,8,3.1,15,4,2,4,0,as player,plyr/mgr: 1905-1914
107,Ben Chapman,4,1945,1948,196,276,.415,2,-80,474,0,0,,5,8,6.7,10,0,0,0,0,as player,plyr/mgr: 1945-1946
108,Jack Chapman,11,1876,1892,350,501,.411,16,-151,867,3,3,.500,1,11,6.1,0,0,0,1,0,as player,plyr/mgr: 1876
109,Oscar Charleston HOF,14,1924,1948,420,377,.527,7,43,804,4,3,.571,1,7,3.0,,3,0,3,0,as player,
110,Hal Chase,2,1910,1911,86,80,.518,1,6,167,0,0,,2,6,5.7,0,0,0,0,0,as player,plyr/mgr: 1910-1911
111,John Clapp,6,1872,1883,174,237,.423,9,-63,420,0,0,,3,9,6.0,0,0,0,0,0,as player,plyr/mgr: 1872-1883
112,Dave Clark,1,2009,2009,4,9,.308,0,-5,13,0,0,,5,5,5.0,0,0,0,0,0,as player,
113,Bob Clarke,2,1936,1937,45,48,.484,3,-3,96,0,0,,2,4,3.2,,0,0,0,0,as player,
114,Fred Clarke HOF,19,1897,1915,1602,1181,.576,43,421,2826,7,8,.467,1,11,3.7,35,2,1,4,0,as player,plyr/mgr: 1897-1915
115,Jack Clements,1,1890,1890,13,6,.684,0,7,19,0,0,,3,3,3.0,0,0,0,0,0,as player,plyr/mgr: 1890
116,Jim Clinton,1,1872,1872,0,11,.000,0,-11,11,0,0,,9,9,9.0,0,0,0,0,0,as player,plyr/mgr: 1872
117,Ty Cobb HOF,6,1921,1926,479,444,.519,10,35,933,0,0,,2,6,4.0,5,0,0,0,0,as player,plyr/mgr: 1921-1926
118,Mickey Cochrane HOF,5,1934,1938,348,250,.582,2,98,600,7,6,.538,1,4,1.8,0,2,1,2,1,as player,plyr/mgr: 1934-1937
119,Phil Cockrell,2,1929,1932,44,36,.550,4,8,84,0,0,,3,7,3.2,,0,0,0,0,as player,
120,Andy Cohen,1,1960,1960,1,0,1.000,0,1,1,0,0,,8,8,8.0,0,0,0,0,0,as player,
121,Bob Coleman,3,1943,1945,128,165,.437,2,-37,295,0,0,,6,6,6.0,0,0,0,0,0,as player,
122,Jerry Coleman,1,1980,1980,73,89,.451,1,-16,163,0,0,,6,6,6.0,3,0,0,0,0,as player,
123,Eddie Collins HOF,3,1924,1926,174,160,.521,2,14,336,0,0,,5,6,5.1,2,0,0,0,0,as player,plyr/mgr: 1924-1926
124,Jimmy Collins HOF,6,1901,1906,455,376,.548,11,79,842,5,3,.625,1,8,3.0,6,1,1,2,0,as player,plyr/mgr: 1901-1906
125,Shano Collins,2,1931,1932,73,134,.353,1,-61,208,0,0,,6,8,6.5,0,0,0,0,0,as player,
126,Terry Collins,13,1994,2017,995,1017,.495,0,-22,2012,8,7,.533,1,4,2.6,40,2,0,1,1,,
127,Charlie Comiskey HOF,12,1883,1894,839,540,.608,29,299,1408,16,21,.432,1,10,3.4,2,0,1,4,0,as player,plyr/mgr: 1883-1894
128,Roger Connor HOF,1,1896,1896,8,37,.178,1,-29,46,0,0,,11,11,11.0,0,0,0,0,0,as player,plyr/mgr: 1896
129,Dusty Cooke,1,1948,1948,6,6,.500,1,0,13,0,0,,6,6,6.0,0,0,0,0,0,as player,
130,Jack Coombs,1,1919,1919,18,44,.290,1,-26,63,0,0,,8,8,8.0,0,0,0,0,0,as player,
131,Johnny Cooney,1,1949,1949,20,25,.444,1,-5,46,0,0,,4,4,4.0,0,0,0,0,0,as player,
132,Andy Cooper HOF,4,1937,1940,173,89,.660,4,84,266,9,2,.818,1,1,1.0,,3,0,3,0,as player,
133,Cecil Cooper,3,2007,2009,171,170,.501,0,1,341,0,0,,3,4,3.5,9,0,0,0,0,as player,
134,Don Cooper,1,2011,2011,1,1,.500,0,0,2,0,0,,3,3,3.0,0,0,0,0,0,as player,
135,Alex Cora,3,2018,2021,284,202,.584,0,82,486,17,8,.680,1,3,2.0,5,2,1,1,1,as player,
136,Pat Corrales,9,1978,1987,572,634,.474,5,-62,1211,0,0,,1,7,4.6,38,0,0,0,0,as player,
137,Red Corriden,1,1950,1950,52,72,.419,1,-20,125,0,0,,6,6,6.0,0,0,0,0,0,as player,
138,Chuck Cottier,3,1984,1986,98,119,.452,0,-21,217,0,0,,5,7,6.0,5,0,0,0,0,as player,
139,Craig Counsell,7,2015,2021,529,479,.525,0,50,1008,7,10,.412,1,4,2.4,23,4,0,0,0,as player,
140,Bobby Cox HOF,29,1978,2010,2504,2001,.556,3,503,4508,67,69,.493,1,6,2.4,162,16,1,5,5,as player,
141,Roosevelt Cox,1,1937,1937,1,6,.143,0,-5,7,0,0,,6,6,6.0,,0,0,0,0,as player,
142,Harry Craft,7,1957,1964,360,485,.426,4,-125,849,0,0,,7,9,7.9,11,0,0,0,0,as player,
143,Roger Craig,10,1978,1992,738,737,.500,0,1,1475,7,9,.438,1,6,3.4,13,2,0,1,1,as player,
144,Del Crandall,6,1972,1984,364,469,.437,0,-105,833,0,0,,5,7,5.4,9,0,0,0,0,as player,
145,Sam Crane,2,1880,1884,73,79,.480,2,-6,154,0,0,,3,7,5.2,0,0,0,0,0,as player,plyr/mgr: 1880-1884
146,Gavvy Cravath,2,1919,1920,91,137,.399,0,-46,228,0,0,,8,8,8.0,1,0,0,0,0,as player,plyr/mgr: 1919-1920
147,Bill Craver,5,1871,1876,91,101,.474,3,-10,195,0,0,,2,11,4.9,0,0,0,0,0,as player,plyr/mgr: 1871-1875
148,Sam Crawford,6,1921,1928,166,163,.505,4,3,333,0,0,,1,8,3.2,,0,0,0,0,as player,
149,George Creamer,1,1884,1884,0,8,.000,0,-8,8,0,0,,10,10,10.0,0,0,0,0,0,as player,plyr/mgr: 1884
150,Joe Cronin HOF,15,1933,1947,1236,1055,.540,24,181,2315,4,8,.333,1,7,3.9,8,2,0,2,3,as player,plyr/mgr: 1933-1945
151,Jack Crooks,1,1892,1892,27,33,.450,2,-6,62,0,0,,9,11,9.5,2,0,0,0,0,as player,plyr/mgr: 1892
152,Lave Cross,1,1899,1899,8,30,.211,0,-22,38,0,0,,12,12,12.0,2,0,0,0,0,as player,plyr/mgr: 1899
153,Mike Cubbage,1,1991,1991,3,4,.429,0,-1,7,0,0,,5,5,5.0,0,0,0,0,0,as player,
154,Goose Curry,8,1932,1947,223,227,.496,13,-4,463,0,0,,3,9,5.1,,0,0,0,0,as player,
155,Ed Curtis,1,1884,1884,6,19,.240,0,-13,25,0,0,,10,10,10.0,0,0,0,0,0,,
156,Charlie Cushman,1,1891,1891,21,15,.583,0,6,36,0,0,,3,3,3.0,0,0,0,0,0,,
157,Ned Cuthbert,1,1882,1882,37,43,.463,0,-6,80,0,0,,5,5,5.0,0,0,0,0,0,as player,plyr/mgr: 1882
158,Bill Dahlen,4,1910,1913,251,355,.414,9,-104,615,0,0,,6,7,6.5,36,0,0,0,0,as player,plyr/mgr: 1910-1911
159,Al Dark,13,1961,1977,994,954,.510,2,40,1950,10,9,.526,1,10,4.0,25,3,1,2,2,as player,
160,Jim Davenport,1,1985,1985,56,88,.389,0,-32,144,0,0,,6,6,6.0,0,0,0,0,0,as player,
161,Mordecai Davidson,1,1888,1888,35,54,.393,4,-19,93,0,0,,7,7,7.0,0,0,0,0,0,,
162,George Davis HOF,3,1895,1901,107,139,.435,6,-32,252,0,0,,7,9,7.6,4,0,0,0,0,as player,plyr/mgr: 1895-1901
163,Harry Davis,1,1912,1912,54,71,.432,2,-17,127,0,0,,5,5,5.0,1,0,0,0,0,as player,plyr/mgr: 1912
164,Piper Davis,1,1948,1948,51,27,.654,1,24,79,5,7,.417,2,2,2.0,,1,0,1,0,as player,
165,Spud Davis,1,1946,1946,1,2,.333,0,-1,3,0,0,,7,7,7.0,0,0,0,0,0,as player,
166,John Day,1,1899,1899,29,35,.453,2,-6,66,0,0,,10,10,10.0,0,0,0,0,0,,
167,Harry Deane,1,1871,1871,2,3,.400,0,-1,5,0,0,,8,8,8.0,0,0,0,0,0,as player,plyr/mgr: 1871
168,Tony DeFrancesco,1,2012,2012,16,25,.390,0,-9,41,0,0,,6,6,6.0,0,0,0,0,0,,
169,Bingo DeMoss,8,1926,1944,297,304,.494,1,-7,602,3,4,.429,3,6,4.4,,1,0,0,0,as player,
170,Bucky Dent,2,1989,1990,36,53,.404,0,-17,89,0,0,,5,7,6.1,1,0,0,0,0,as player,
171,Bill Dickey HOF,1,1946,1946,57,48,.543,0,9,105,0,0,,3,3,3.0,0,0,0,0,0,as player,plyr/mgr: 1946
172,Harry Diddlebock,1,1896,1896,7,10,.412,0,-3,17,0,0,,11,11,11.0,0,0,0,0,0,,
173,Larry Dierker,5,1997,2001,435,348,.556,0,87,783,2,12,.143,1,4,1.6,6,4,0,0,0,as player,
174,Martín Dihigo HOF,2,1935,1936,58,51,.532,6,7,115,3,4,.429,2,4,3.0,,1,0,0,0,as player,
175,Dizzy Dismukes,9,1922,1938,199,280,.415,6,-81,485,0,0,,1,8,5.3,,0,0,0,0,as player,
176,Rap Dixon,1,1934,1934,4,9,.308,2,-5,15,0,0,,5,5,5.0,,0,0,0,0,as player,
177,Larry Doby HOF,1,1978,1978,37,50,.425,0,-13,87,0,0,,5,5,5.0,3,0,0,0,0,as player,
178,Bill Donovan,4,1915,1921,245,301,.449,6,-56,552,0,0,,4,8,5.5,5,0,0,0,0,as player,plyr/mgr: 1915-1916
179,Patsy Donovan,11,1897,1911,684,879,.438,34,-195,1597,0,0,,4,8,6.0,6,0,0,0,0,as player,plyr/mgr: 1897-1907
180,Red Dooin,5,1910,1914,392,370,.514,13,22,775,0,0,,2,6,4.2,21,0,0,0,0,as player,plyr/mgr: 1910-1914
181,Mike Dorgan,3,1879,1881,67,70,.489,1,-3,138,0,0,,2,8,6.0,0,0,0,0,0,as player,plyr/mgr: 1879-1881
182,Eddie Douglass,3,1923,1925,45,61,.425,3,-16,109,0,0,,3,6,4.8,,0,0,0,0,as player,
183,Tommy Dowd,2,1896,1897,31,60,.341,1,-29,92,0,0,,11,12,11.3,0,0,0,0,0,as player,plyr/mgr: 1896-1897
184,Bunny Downs,1,1943,1943,25,29,.463,2,-4,56,0,0,,6,6,6.0,,0,0,0,0,as player,
185,Jack Doyle,2,1895,1898,40,40,.500,1,0,81,0,0,,9,11,9.4,2,0,0,0,0,as player,plyr/mgr: 1895-1898
186,Reinaldo Drake,1,1947,1947,4,9,.308,1,-5,14,0,0,,5,5,5.0,,0,0,0,0,as player,
187,Chuck Dressen,16,1934,1966,1008,973,.509,9,35,1990,5,8,.385,1,8,4.5,18,2,0,2,1,as player,
188,Hugh Duffy HOF,8,1901,1922,535,671,.444,15,-136,1221,0,0,,4,8,5.8,10,0,0,0,0,as player,plyr/mgr: 1901-1906
189,Frank Duncan,3,1926,1928,19,59,.244,0,-40,78,0,0,,6,8,6.7,,0,0,0,0,as player,
190,Frank Duncan,6,1942,1947,281,212,.570,7,69,500,7,4,.636,1,4,2.0,,2,1,2,0,as player,
191,Fred Dunlap,4,1882,1889,145,102,.587,5,43,252,0,0,,1,8,4.5,0,0,0,1,0,as player,plyr/mgr: 1882-1889
192,Jake Dunn,2,1939,1940,40,40,.500,1,0,81,2,3,.400,4,6,4.7,,1,0,0,0,as player,
193,Leo Durocher HOF,24,1939,1973,2008,1709,.540,22,299,3739,7,8,.467,1,10,3.2,100,3,1,3,4,as player,plyr/mgr: 1939-1945
194,Frank Dwyer,1,1902,1902,52,83,.385,2,-31,137,0,0,,7,7,7.0,0,0,0,0,0,as player,
195,Eddie Dyer,5,1946,1950,446,325,.578,6,121,777,4,3,.571,1,5,2.4,6,1,1,1,1,as player,
196,Jimmy Dykes,21,1934,1961,1406,1541,.477,15,-135,2962,0,0,,3,8,5.1,51,0,0,0,0,as player,plyr/mgr: 1934-1939
197,Charlie Ebbets,1,1898,1898,38,68,.358,4,-30,110,0,0,,10,10,10.0,0,0,0,0,0,,
198,Doc Edwards,3,1987,1989,173,207,.455,0,-34,380,0,0,,6,7,6.2,2,0,0,0,0,as player,
199,Mack Eggleston,1,1925,1925,7,12,.368,2,-5,21,0,0,,7,7,7.0,,0,0,0,0,as player,
200,Kid Elberfeld,1,1908,1908,27,71,.276,0,-44,98,0,0,,8,8,8.0,4,0,0,0,0,as player,plyr/mgr: 1908
201,Lee Elia,4,1982,1988,238,300,.442,1,-62,539,0,0,,4,6,5.1,9,0,0,0,0,as player,
202,Joe Ellick,1,1884,1884,6,6,.500,1,0,13,0,0,,5,5,5.0,0,0,0,0,0,as player,plyr/mgr: 1884
203,Bob Elliott,1,1960,1960,58,96,.377,1,-38,155,0,0,,8,8,8.0,0,0,0,0,0,as player,
204,Jewel Ens,3,1929,1931,176,167,.513,1,9,344,0,0,,2,5,4.7,0,0,0,0,0,as player,
205,Cal Ermer,2,1967,1968,145,129,.529,2,16,276,0,0,,2,7,4.9,7,0,0,0,0,as player,
206,Jim Essian,1,1991,1991,59,63,.484,0,-4,122,0,0,,4,4,4.0,1,0,0,0,0,as player,
207,Dude Esterbrook,1,1889,1889,2,8,.200,0,-6,10,0,0,,8,8,8.0,0,0,0,0,0,as player,plyr/mgr: 1889
208,Johnny Evers HOF,3,1913,1924,180,192,.484,3,-12,375,0,0,,3,8,5.6,13,0,0,0,0,as player,plyr/mgr: 1913
209,Buck Ewing HOF,7,1890,1900,489,395,.553,19,94,903,0,0,,3,8,4.7,1,0,0,0,0,as player,plyr/mgr: 1890-1897
210,Jay Faatz,1,1890,1890,9,24,.273,1,-15,34,0,0,,8,8,8.0,0,0,0,0,0,as player,plyr/mgr: 1890
211,Bibb Falk,1,1933,1933,1,0,1.000,0,1,1,0,0,,4,4,4.0,0,0,0,0,0,as player,
212,Jim Fanning,3,1981,1984,116,103,.530,0,13,219,5,5,.500,1,5,3.0,2,1,0,0,0,as player,
213,Jack Farrell,1,1881,1881,24,27,.471,0,-3,51,0,0,,2,2,2.0,0,0,0,0,0,as player,plyr/mgr: 1881
214,John Farrell,7,2011,2017,586,548,.517,0,38,1134,12,11,.522,1,5,3.0,18,3,1,1,1,as player,
215,Kerby Farrell,1,1957,1957,76,77,.497,0,-1,153,0,0,,6,6,6.0,4,0,0,0,0,as player,
216,John Felske,3,1985,1987,190,194,.495,0,-4,384,0,0,,2,5,3.6,1,0,0,0,0,as player,
217,Bob Ferguson,16,1871,1887,417,516,.447,16,-99,949,0,0,,3,10,5.5,0,0,0,0,0,as player,plyr/mgr: 1871-1884
218,José María Fernández,12,1928,1948,280,326,.462,18,-46,624,4,1,.800,1,7,4.1,,2,1,1,0,as player,
219,Mike Ferraro,2,1983,1986,76,98,.437,0,-22,174,0,0,,3,7,5.3,3,0,0,0,0,as player,
220,Wally Fessenden,1,1890,1890,4,7,.364,0,-3,11,0,0,,6,6,6.0,0,0,0,0,0,,
221,Freddie Fitzsimmons,3,1943,1945,104,180,.366,2,-76,286,0,0,,7,8,7.8,1,0,0,0,0,as player,
222,Art Fletcher,5,1923,1929,237,383,.382,3,-146,623,0,0,,2,8,7.2,12,0,0,0,0,as player,
223,Silver Flint,1,1879,1879,5,12,.294,2,-7,19,0,0,,4,4,4.0,0,0,0,0,0,as player,plyr/mgr: 1879
224,Jim Fogarty,1,1890,1890,7,9,.438,0,-2,16,0,0,,5,5,5.0,0,0,0,0,0,as player,plyr/mgr: 1890
225,Horace Fogel,2,1887,1902,38,72,.345,4,-34,114,0,0,,8,8,8.0,0,0,0,0,0,,
226,Lee Fohl,11,1915,1926,713,792,.474,16,-79,1521,0,0,,2,8,5.0,4,0,0,0,0,as player,
227,Lew Fonseca,3,1932,1934,120,196,.380,2,-76,318,0,0,,6,8,6.6,1,0,0,0,0,as player,plyr/mgr: 1932-1933
228,Rube Foster HOF,7,1920,1926,336,195,.633,11,141,542,0,0,,1,3,2.0,,3,0,3,0,,
229,Dave Foutz,4,1893,1896,264,257,.507,11,7,532,0,0,,5,10,6.7,0,0,0,0,0,as player,plyr/mgr: 1893-1896
230,Charlie Fox,7,1970,1983,377,371,.504,0,6,748,1,3,.250,1,6,3.4,4,1,0,0,0,as player,
231,Terry Francona,21,1997,2021,1782,1516,.540,0,266,3298,40,31,.563,1,5,2.4,44,10,2,3,2,as player,
232,Herman Franks,7,1965,1979,605,521,.537,2,84,1128,0,0,,2,5,2.8,16,0,0,0,0,as player,
233,George Frazier,1,1890,1890,51,65,.440,1,-14,117,0,0,,6,6,6.0,0,0,0,0,0,,
234,Joe Frazier,2,1976,1977,101,106,.488,0,-5,207,0,0,,3,6,3.7,3,0,0,0,0,as player,
235,Jim Fregosi,15,1978,2000,1028,1094,.484,0,-66,2122,7,9,.438,1,6,3.7,46,2,0,1,1,as player,
236,Jim Frey,5,1980,1986,323,287,.530,1,36,611,7,7,.500,1,5,2.5,13,2,0,1,1,,
237,Frankie Frisch HOF,16,1933,1951,1138,1078,.514,30,60,2246,4,3,.571,1,8,4.3,88,1,1,1,1,as player,plyr/mgr: 1933-1937
238,Judge Fuchs,1,1929,1929,56,98,.364,0,-42,154,0,0,,8,8,8.0,0,0,0,0,0,,
239,John Gaffney,2,1886,1887,61,101,.377,7,-40,169,0,0,,7,8,7.3,0,0,0,0,0,,
240,Matt Galante,1,1999,1999,13,14,.481,0,-1,27,0,0,,2,2,2.0,0,0,0,0,0,,
241,Pud Galvin HOF,1,1885,1885,7,17,.292,0,-10,24,0,0,,7,7,7.0,0,0,0,0,0,as player,plyr/mgr: 1885
242,Judy Gans,2,1924,1925,39,60,.394,3,-21,102,0,0,,3,8,4.8,,0,0,0,0,as player,
243,John Ganzel,2,1908,1915,90,99,.476,1,-9,190,0,0,,5,7,5.4,3,0,0,0,0,as player,plyr/mgr: 1908
244,Dave Garcia,6,1977,1982,307,311,.497,0,-4,618,0,0,,2,7,5.7,2,0,0,0,0,,
245,Ron Gardenhire,16,2002,2020,1200,1280,.484,0,-80,2480,6,21,.222,1,5,2.8,84,6,0,0,0,as player,
246,Billy Gardner,6,1981,1987,330,417,.442,0,-87,747,0,0,,2,7,4.6,12,0,0,0,0,as player,
247,Phil Garner,15,1992,2007,985,1054,.483,1,-69,2040,13,13,.500,2,7,3.8,44,2,0,1,1,as player,
248,Cito Gaston,12,1989,2010,894,837,.516,0,57,1731,18,16,.529,1,5,2.9,27,4,2,2,2,as player,
249,Bill Gatewood,2,1922,1930,41,57,.418,2,-16,100,0,0,,5,5,5.0,,0,0,0,0,as player,
250,Bob Geren,5,2007,2011,334,376,.470,0,-42,710,0,0,,2,4,3.1,10,0,0,0,0,as player,
251,Joe Gerhardt,2,1883,1890,72,61,.541,3,11,136,0,0,,3,5,4.4,0,0,0,0,0,as player,plyr/mgr: 1883-1890
252,Doc Gessler,1,1914,1914,3,8,.273,0,-5,11,0,0,,7,7,7.0,0,0,0,0,0,as player,
253,John Gibbons,11,2004,2018,793,789,.501,0,4,1582,10,10,.500,1,5,3.2,53,2,0,0,0,as player,
254,George Gibson,7,1920,1934,413,344,.546,2,69,759,0,0,,2,8,2.9,7,0,0,0,0,as player,
255,Kirk Gibson,5,2010,2014,353,375,.485,0,-22,728,2,3,.400,1,5,3.0,10,1,0,0,0,as player,
256,Jim Gifford,3,1884,1886,74,136,.352,2,-62,212,0,0,,7,11,8.6,0,0,0,0,0,,
257,George Giles,1,1935,1935,27,26,.509,0,1,53,0,0,,5,5,5.0,,0,0,0,0,as player,
258,Joe Girardi,13,2006,2021,1098,906,.548,0,192,2004,28,24,.538,1,4,2.3,42,6,1,1,1,as player,
259,Carl Glass,3,1924,1929,68,92,.425,3,-24,163,0,0,,6,7,6.1,,0,0,0,0,as player,
260,Jack Glasscock,2,1889,1892,35,35,.500,1,0,71,0,0,,7,9,7.1,0,0,0,0,0,as player,plyr/mgr: 1889-1892
261,Kid Gleason,5,1919,1923,392,364,.519,3,28,759,3,5,.375,1,7,4.5,3,1,0,1,0,as player,
262,Preston Gomez,7,1969,1980,346,529,.395,0,-183,875,0,0,,4,6,5.6,7,0,0,0,0,as player,
263,Fredi Gonzalez,10,2007,2016,710,692,.506,0,18,1402,1,4,.200,1,5,2.8,26,2,0,0,0,,
264,Mike González,2,1938,1940,9,13,.409,1,-4,23,0,0,,3,6,5.2,0,0,0,0,0,as player,
265,Joe Gordon HOF,5,1958,1969,305,308,.498,2,-3,615,0,0,,2,9,4.2,12,0,0,0,0,as player,
266,George Gore,1,1892,1892,6,9,.400,1,-3,16,0,0,,11,11,11.0,0,0,0,0,0,as player,plyr/mgr: 1892
267,Johnny Goryl,2,1980,1981,34,38,.472,1,-4,73,0,0,,3,7,5.0,1,0,0,0,0,as player,
268,Charlie Gould,2,1875,1876,11,77,.125,0,-66,88,0,0,,8,8,8.0,0,0,0,0,0,as player,plyr/mgr: 1875-1876
269,Hank Gowdy,1,1946,1946,3,1,.750,0,2,4,0,0,,6,6,6.0,0,0,0,0,0,as player,
270,Mase Graffen,1,1876,1876,39,17,.696,0,22,56,0,0,,2,2,2.0,0,0,0,0,0,,
271,Alex Grammas,3,1969,1977,137,191,.418,0,-54,328,0,0,,3,6,6.0,3,0,0,0,0,as player,
272,Andy Green,4,2016,2019,274,366,.428,0,-92,640,0,0,,4,5,4.5,12,0,0,0,0,as player,
273,Dallas Green,8,1979,1996,454,478,.487,0,-24,932,9,7,.562,1,7,3.3,18,2,1,1,1,as player,
274,Joe Green,2,1920,1921,18,75,.194,3,-57,96,0,0,,8,8,8.0,,0,0,0,0,as player,
275,Mike Griffin,1,1898,1898,1,3,.250,0,-2,4,0,0,,10,10,10.0,0,0,0,0,0,as player,plyr/mgr: 1898
276,Sandy Griffin,1,1891,1891,2,4,.333,0,-2,6,0,0,,8,8,8.0,0,0,0,0,0,as player,plyr/mgr: 1891
277,Clark Griffith HOF,20,1901,1920,1491,1367,.522,59,124,2917,0,0,,1,8,4.2,73,0,0,1,0,as player,plyr/mgr: 1901-1914
278,Burleigh Grimes HOF,2,1937,1938,131,171,.434,4,-40,306,0,0,,6,7,6.5,15,0,0,0,0,as player,
279,Charlie Grimm,19,1932,1960,1287,1067,.547,14,220,2368,5,12,.294,1,8,3.3,24,3,0,3,2,as player,plyr/mgr: 1932-1936
280,Heinie Groh,1,1918,1918,7,3,.700,0,4,10,0,0,,3,3,3.0,0,0,0,0,0,as player,plyr/mgr: 1918
281,Ozzie Guillen,9,2004,2012,747,710,.513,0,37,1457,12,4,.750,1,5,2.7,29,2,1,1,1,as player,
282,Don Gutteridge,2,1969,1970,109,172,.388,0,-63,281,0,0,,5,6,5.5,0,0,0,0,0,as player,
283,Eddie Haas,1,1985,1985,50,71,.413,0,-21,121,0,0,,5,5,5.0,1,0,0,0,0,as player,
284,Stan Hack,4,1954,1958,199,272,.423,4,-73,475,0,0,,5,8,7.0,2,0,0,0,0,as player,
285,Charlie Hackett,2,1884,1885,50,99,.336,1,-49,150,0,0,,5,7,6.5,0,0,0,0,0,,
286,Chip Hale,2,2015,2016,148,176,.457,0,-28,324,0,0,,3,4,3.5,5,0,0,0,0,as player,
287,Blainey Hall,1,1923,1923,6,6,.500,0,0,12,0,0,,6,6,6.0,,0,0,0,0,as player,
288,Bill Hallman,1,1897,1897,13,36,.265,1,-23,50,0,0,,12,12,12.0,1,0,0,0,0,as player,plyr/mgr: 1897
289,Fred Haney,10,1939,1959,629,757,.454,7,-128,1393,7,7,.500,1,8,5.0,16,2,1,2,3,as player,
290,Ned Hanlon HOF,19,1889,1907,1313,1164,.530,53,149,2530,0,0,,1,12,4.3,4,0,0,5,0,as player,plyr/mgr: 1889-1892
291,Mel Harder,2,1961,1962,3,0,1.000,0,3,3,0,0,,5,6,5.7,0,0,0,0,0,as player,
292,Mike Hargrove,16,1991,2007,1188,1173,.503,2,15,2363,27,25,.519,1,7,3.1,50,5,0,2,2,as player,
293,George Harney,1,1928,1928,18,19,.486,0,-1,37,4,5,.444,3,3,3.0,,1,0,0,0,as player,
294,Toby Harrah,1,1992,1992,32,44,.421,0,-12,76,0,0,,4,4,4.0,0,0,0,0,0,as player,
295,Bud Harrelson,2,1990,1991,145,129,.529,0,16,274,0,0,,2,5,3.7,4,0,0,0,0,as player,
296,Andy Harris,1,1926,1926,1,10,.091,0,-9,11,0,0,,5,5,5.0,,0,0,0,0,as player,
297,Bucky Harris HOF,29,1924,1956,2158,2219,.493,33,-61,4410,11,10,.524,1,7,4.8,26,3,2,3,1,as player,plyr/mgr: 1924-1931
298,Lum Harris,8,1961,1972,466,488,.488,2,-22,956,0,3,.000,1,9,4.5,6,1,0,0,0,as player,
299,Vic Harris,11,1936,1948,547,278,.663,20,269,845,10,15,.400,1,4,1.7,,8,1,7,0,as player,
300,Jim Hart,3,1885,1889,202,174,.537,7,28,383,0,0,,2,6,3.9,0,0,0,0,0,,
301,John Hart,1,1989,1989,8,11,.421,0,-3,19,0,0,,6,6,6.0,0,0,0,0,0,,
302,Gabby Hartnett HOF,3,1938,1940,203,176,.536,4,27,383,0,4,.000,1,5,3.8,2,1,0,1,1,as player,plyr/mgr: 1938-1940
303,Roy Hartsfield,3,1977,1979,166,318,.343,0,-152,484,0,0,,7,7,7.0,9,0,0,0,0,as player,
304,Scott Hastings,2,1871,1872,10,35,.222,0,-25,45,0,0,,7,9,8.1,0,0,0,0,0,as player,plyr/mgr: 1871-1872
305,John Hatfield,2,1872,1873,35,31,.530,2,4,68,0,0,,3,4,3.4,0,0,0,0,0,as player,plyr/mgr: 1872-1873
306,Grady Hatton,3,1966,1968,164,221,.426,1,-57,386,0,0,,8,10,8.7,6,0,0,0,0,as player,
307,Buster Haywood,1,1948,1948,8,11,.421,1,-3,20,0,0,,4,4,4.0,,0,0,0,0,as player,
308,Guy Hecker,1,1890,1890,23,113,.169,2,-90,138,0,0,,8,8,8.0,0,0,0,0,0,as player,plyr/mgr: 1890
309,Don Heffner,1,1966,1966,37,46,.446,0,-9,83,0,0,,7,7,7.0,0,0,0,0,0,as player,
310,Louie Heilbroner,1,1900,1900,23,25,.479,2,-2,50,0,0,,5,5,5.0,0,0,0,0,0,,
311,Tommy Helms,2,1988,1989,28,36,.438,0,-8,64,0,0,,2,5,3.7,1,0,0,0,0,as player,
312,Solly Hemus,3,1959,1961,190,192,.497,2,-2,384,0,0,,3,7,5.0,11,0,0,0,0,as player,plyr/mgr: 1959
313,Bill Henderson,1,1884,1884,58,47,.552,1,11,106,0,0,,4,4,4.0,0,0,0,0,0,,
314,Jack Hendricks,7,1918,1929,520,528,.496,7,-8,1055,0,0,,2,8,4.8,1,0,0,0,0,as player,
315,Ed Hengel,1,1884,1884,34,39,.466,1,-5,74,0,0,,5,5,5.0,0,0,0,0,0,,
316,Billy Herman HOF,4,1947,1966,189,274,.408,2,-85,465,0,0,,7,9,8.3,4,0,0,0,0,as player,plyr/mgr: 1947
317,Buck Herzog,3,1914,1916,165,226,.422,10,-61,401,0,0,,7,8,7.4,10,0,0,0,0,as player,plyr/mgr: 1914-1916
318,Whitey Herzog HOF,18,1973,1990,1281,1125,.532,3,156,2409,26,25,.510,1,6,2.6,42,6,1,3,3,as player,
319,Walter Hewett,1,1888,1888,10,29,.256,1,-19,40,0,0,,8,8,8.0,0,0,0,0,0,,
320,Joe Hewitt,5,1923,1932,100,137,.422,1,-37,238,3,4,.429,2,10,6.1,,1,0,0,0,as player,
321,Nat Hicks,1,1875,1875,30,38,.441,3,-8,71,0,0,,7,7,7.0,0,0,0,0,0,as player,plyr/mgr: 1875
322,Pinky Higgins,8,1955,1962,560,556,.502,3,4,1119,0,0,,3,8,5.1,1,0,0,0,0,as player,
323,Dick Higham,1,1874,1874,29,11,.725,0,18,40,0,0,,2,2,2.0,0,0,0,0,0,as player,plyr/mgr: 1874
324,Pete Hill HOF,5,1920,1925,141,160,.468,3,-19,304,0,0,,2,11,5.0,,0,0,0,0,as player,
325,Trey Hillman,3,2008,2010,152,207,.423,0,-55,359,0,0,,4,5,4.1,8,0,0,0,0,,
326,Vedie Himsl,1,1961,1961,10,21,.323,1,-11,32,0,0,,6,7,6.7,0,0,0,0,0,,
327,AJ Hinch,8,2009,2021,647,537,.546,0,110,1184,28,22,.560,1,5,2.4,17,4,1,2,1,as player,
328,Billy Hitchcock,5,1960,1967,274,261,.512,0,13,535,0,0,,4,7,5.9,13,0,0,0,0,as player,
329,Butch Hobson,3,1992,1994,207,232,.472,0,-25,439,0,0,,4,7,5.5,4,0,0,0,0,as player,
330,Gil Hodges HOF,9,1963,1971,660,753,.467,1,-93,1414,7,1,.875,1,10,6.2,7,1,1,1,1,as player,
331,Fred Hoey,1,1899,1899,31,55,.360,1,-24,87,0,0,,10,10,10.0,0,0,0,0,0,,
332,Glenn Hoffman,1,1998,1998,47,41,.534,0,6,88,0,0,,3,3,3.0,0,0,0,0,0,as player,
333,Bill Holbert,1,1879,1879,0,1,.000,0,-1,1,0,0,,7,7,7.0,0,0,0,0,0,as player,plyr/mgr: 1879
334,Holly Hollingshead,2,1875,1884,16,66,.195,0,-50,82,0,0,,10,12,11.5,0,0,0,0,0,as player,plyr/mgr: 1875
335,Tommy Holmes,2,1951,1952,61,69,.469,0,-8,130,0,0,,4,7,4.8,2,0,0,0,0,as player,plyr/mgr: 1951
336,Rogers Hornsby HOF,14,1925,1953,701,812,.463,17,-111,1530,4,3,.571,1,8,5.1,5,1,1,1,0,as player,plyr/mgr: 1925-1937
337,Ralph Houk,20,1961,1984,1619,1531,.514,7,88,3157,8,8,.500,1,10,4.4,45,3,2,3,3,as player,
338,Frank Howard,2,1981,1983,93,133,.412,0,-40,226,0,0,,6,6,6.0,2,0,0,0,0,as player,
339,Art Howe,14,1989,2004,1129,1137,.498,0,-8,2266,6,9,.400,1,6,3.4,26,3,0,0,0,as player,
340,Dan Howley,6,1927,1932,397,524,.431,5,-127,926,0,0,,3,8,6.2,1,0,0,0,0,as player,
341,Dick Howser,8,1978,1986,507,425,.544,1,82,933,8,15,.348,1,3,1.5,8,4,1,1,1,as player,
342,Jesse Hubbard,1,1933,1933,20,23,.465,1,-3,44,0,0,,7,7,7.0,,0,0,0,0,as player,
343,Eddie Huff,1,1926,1926,6,36,.143,0,-30,42,0,0,,6,6,6.0,,0,0,0,0,as player,
344,George Huff,1,1907,1907,2,6,.250,0,-4,8,0,0,,7,7,7.0,0,0,0,0,0,,
345,Miller Huggins HOF,17,1913,1929,1413,1134,.555,23,279,2570,18,15,.545,1,8,3.2,26,6,3,6,0,as player,plyr/mgr: 1913-1916
346,Billy Hunter,2,1977,1978,146,108,.575,0,38,254,0,0,,2,2,2.0,6,0,0,0,0,as player,
347,Clint Hurdle,17,2002,2019,1269,1345,.485,1,-76,2615,10,9,.526,2,5,3.5,64,4,0,1,1,as player,
348,Tim Hurst,1,1898,1898,39,111,.260,4,-72,154,0,0,,12,12,12.0,0,0,0,0,0,,
349,Fred Hutchinson,12,1952,1964,830,827,.501,9,3,1666,1,4,.200,1,8,4.2,45,1,0,1,2,as player,plyr/mgr: 1952-1953
350,Brandon Hyde,4,2011,2021,131,254,.340,0,-123,385,0,0,,4,5,4.8,6,0,0,0,0,,
351,Arthur Irwin,8,1889,1899,416,427,.493,20,-11,863,0,0,,1,12,6.1,0,0,0,1,0,as player,plyr/mgr: 1889-1894
352,Harry Jeffries,1,1928,1928,7,18,.280,0,-11,25,0,0,,8,8,8.0,,0,0,0,0,as player,
353,Dan Jennings,1,2015,2015,55,69,.444,0,-14,124,0,0,,3,3,3.0,3,0,0,0,0,,
354,Hughie Jennings HOF,16,1907,1925,1184,995,.543,23,189,2202,4,12,.250,1,7,3.5,24,3,0,3,0,as player,plyr/mgr: 1907-1918
355,Bill Johnson,1,1928,1928,2,7,.222,0,-5,9,0,0,,5,5,5.0,,0,0,0,0,as player,
356,Darrell Johnson,8,1974,1982,472,590,.444,1,-118,1063,6,4,.600,1,7,4.8,31,1,0,1,1,as player,
357,Davey Johnson,17,1984,2013,1372,1071,.562,2,301,2445,25,26,.490,1,5,1.9,36,6,1,1,1,as player,
358,Dicta Johnson,2,1922,1923,5,16,.238,1,-11,22,0,0,,5,8,6.8,,0,0,0,0,as player,
359,Judy Johnson HOF,1,1932,1932,11,17,.393,0,-6,28,0,0,,7,7,7.0,,0,0,0,0,as player,
360,Roy Johnson,1,1944,1944,0,1,.000,0,-1,1,0,0,,4,4,4.0,0,0,0,0,0,as player,
361,Tim Johnson,1,1998,1998,88,74,.543,1,14,163,0,0,,3,3,3.0,2,0,0,0,0,as player,
362,Walter Johnson HOF,7,1929,1935,529,432,.550,5,97,966,0,0,,2,5,3.3,0,0,0,0,0,as player,
363,Fielder Jones,10,1904,1918,683,582,.540,32,101,1297,4,2,.667,1,8,3.5,31,1,1,1,0,as player,plyr/mgr: 1904-1915
364,Ruben Jones,4,1927,1946,129,142,.476,4,-13,275,1,4,.200,2,5,3.9,,1,0,0,0,as player,
365,Eddie Joost,1,1954,1954,51,103,.331,2,-52,156,0,0,,8,8,8.0,1,0,0,0,0,as player,plyr/mgr: 1954
366,Mike Jorgensen,1,1995,1995,42,54,.438,0,-12,96,0,0,,4,4,4.0,1,0,0,0,0,as player,
367,Bill Joyce,3,1896,1898,179,122,.595,15,57,316,0,0,,3,7,5.3,6,0,0,0,0,as player,plyr/mgr: 1896-1898
368,Billy Jurges,2,1959,1960,59,63,.484,0,-4,122,0,0,,5,7,5.7,0,0,0,0,0,as player,
369,Gabe Kapler,4,2018,2021,297,249,.544,0,48,546,2,3,.400,1,4,2.7,4,1,0,0,0,as player,
370,Eddie Kasko,4,1970,1973,345,295,.539,0,50,640,0,0,,2,3,2.5,11,0,0,0,0,as player,
371,Johnny Keane,6,1961,1966,398,350,.532,1,48,749,4,3,.571,1,10,4.1,11,1,1,1,0,,
372,Joe Kelley HOF,5,1902,1908,338,321,.513,10,17,669,0,0,,3,6,4.5,25,0,0,0,0,as player,plyr/mgr: 1902-1908
373,Kick Kelly,2,1887,1888,86,89,.491,3,-3,178,0,0,,4,7,4.7,0,0,0,0,0,as player,
374,King Kelly HOF,3,1887,1891,173,148,.539,9,25,330,0,0,,1,7,4.0,0,0,0,1,0,as player,plyr/mgr: 1887-1891
375,Tom Kelly,16,1986,2001,1140,1244,.478,1,-104,2385,16,8,.667,1,7,3.8,5,2,2,2,2,as player,
376,Gabby Kemp,2,1938,1939,22,24,.478,0,-2,46,0,0,,5,6,5.5,,0,0,0,0,as player,
377,Bob Kennedy,4,1963,1968,264,278,.487,3,-14,545,0,0,,6,8,7.1,5,0,0,0,0,as player,
378,Jim Kennedy,1,1890,1890,26,73,.263,1,-47,100,0,0,,9,9,9.0,0,0,0,0,0,,
379,Kevin Kennedy,4,1993,1996,309,273,.531,0,36,582,0,3,.000,1,3,1.8,1,1,0,0,0,,
380,Harry Kenyon,1,1929,1929,16,57,.219,3,-41,76,0,0,,7,7,7.0,,0,0,0,0,as player,
381,John Kerins,2,1888,1890,12,12,.500,0,0,24,0,0,,3,7,4.2,0,0,0,0,0,as player,plyr/mgr: 1888-1890
382,Joe Kerrigan,1,2001,2001,17,26,.395,0,-9,43,0,0,,2,2,2.0,0,0,0,0,0,as player,
383,Don Kessinger,1,1979,1979,46,60,.434,0,-14,106,0,0,,5,5,5.0,0,0,0,0,0,as player,plyr/mgr: 1979
384,Bill Killefer,9,1921,1933,524,622,.457,3,-98,1149,0,0,,4,8,5.7,11,0,0,0,0,as player,plyr/mgr: 1921
385,Bruce Kimm,1,2002,2002,33,45,.423,0,-12,78,0,0,,5,5,5.0,1,0,0,0,0,as player,
386,Clyde King,5,1969,1982,234,229,.505,1,5,464,0,0,,2,5,3.5,3,0,0,0,0,as player,
387,Malachi Kittridge,1,1904,1904,1,16,.059,1,-15,18,0,0,,8,8,8.0,0,0,0,0,0,as player,plyr/mgr: 1904
388,Lou Klein,3,1961,1965,65,82,.442,0,-17,147,0,0,,7,9,8.1,0,0,0,0,0,as player,
389,Johnny Kling,1,1912,1912,52,101,.340,2,-49,155,0,0,,8,8,8.0,3,0,0,0,0,as player,plyr/mgr: 1912
390,Otto Knabe,2,1914,1915,131,177,.425,6,-46,314,0,0,,3,8,5.5,13,0,0,0,0,as player,plyr/mgr: 1914-1915
391,Lon Knight,2,1883,1884,127,78,.620,1,49,206,0,0,,1,7,4.1,0,0,0,1,0,as player,plyr/mgr: 1883-1884
392,Ray Knight,3,1996,2003,125,137,.477,0,-12,262,0,0,,3,5,3.0,5,0,0,0,0,as player,
393,Jack Krol,2,1978,1980,1,2,.333,0,-1,3,0,0,,4,5,4.7,0,0,0,0,0,,
394,Karl Kuehl,1,1976,1976,43,85,.336,0,-42,128,0,0,,6,6,6.0,1,0,0,0,0,,
395,Harvey Kuenn,3,1975,1983,160,118,.576,1,42,279,6,6,.500,1,5,3.3,3,1,0,1,1,as player,
396,Joe Kuhel,2,1948,1949,106,201,.345,1,-95,308,0,0,,7,8,7.5,6,0,0,0,0,as player,
397,Tony La Russa HOF,34,1979,2021,2821,2434,.537,4,387,5259,71,61,.538,1,7,2.6,91,15,3,6,6,as player,
398,Marcel Lachemann,3,1994,1996,161,170,.486,0,-9,331,0,0,,2,4,3.1,1,0,0,0,0,as player,
399,Rene Lachemann,9,1981,2002,428,560,.433,0,-132,988,0,0,,3,7,5.2,6,0,0,0,0,as player,
400,Nap Lajoie HOF,5,1905,1909,377,309,.550,14,68,700,0,0,,2,6,3.8,3,0,0,0,0,as player,plyr/mgr: 1905-1909
401,Fred Lake,3,1908,1910,163,180,.475,6,-17,349,0,0,,3,8,5.5,2,0,0,0,0,as player,plyr/mgr: 1910
402,Gene Lamont,8,1992,2000,553,562,.496,1,-9,1116,2,4,.333,1,6,3.1,23,1,0,0,0,as player,
403,Hal Lanier,3,1986,1988,254,232,.523,0,22,486,2,4,.333,1,5,3.0,6,1,0,0,0,as player,
404,Henry Larkin,1,1890,1890,34,45,.430,0,-11,79,0,0,,7,7,7.0,0,0,0,0,0,as player,plyr/mgr: 1890
405,Tommy Lasorda HOF,21,1976,1996,1599,1439,.526,2,160,3040,31,30,.508,1,6,2.5,48,7,2,4,4,as player,
406,Arlie Latham,1,1896,1896,0,3,.000,0,-3,3,0,0,,11,11,11.0,0,0,0,0,0,as player,plyr/mgr: 1896
407,Jumbo Latham,2,1875,1882,45,48,.484,0,-3,93,0,0,,2,8,3.2,0,0,0,0,0,as player,plyr/mgr: 1875-1882
408,Cookie Lavagetto,5,1957,1961,271,384,.414,2,-113,657,0,0,,5,8,7.2,0,0,0,0,0,as player,
409,Tom Lawless,1,2014,2014,11,13,.458,0,-2,24,0,0,,4,4,4.0,0,0,0,0,0,as player,
410,Bob Leadley,3,1888,1891,76,86,.469,4,-10,166,0,0,,5,7,5.7,0,0,0,0,0,,
411,Jim Lefebvre,6,1989,1999,417,442,.485,1,-25,860,0,0,,4,6,4.8,19,0,0,0,0,as player,
412,Bob Lemon HOF,8,1970,1982,430,403,.516,0,27,833,15,9,.625,1,6,3.3,6,2,1,2,1,as player,
413,Jim Lemon,1,1968,1968,65,96,.404,0,-31,161,0,0,,10,10,10.0,0,0,0,0,0,as player,
414,Bill Lennon,1,1871,1871,5,9,.357,0,-4,14,0,0,,8,8,8.0,0,0,0,0,0,as player,plyr/mgr: 1871
415,Jim Leyland,22,1986,2013,1769,1728,.506,2,41,3499,44,40,.524,1,6,3.0,73,8,1,3,3,,
416,Nick Leyva,3,1989,1991,148,189,.439,1,-41,338,0,0,,3,6,4.9,6,0,0,0,0,,
417,Bob Lillis,4,1982,1985,276,261,.514,0,15,537,0,0,,2,5,3.2,1,0,0,0,0,as player,
418,Clarence Lindsay,1,1925,1925,4,10,.286,0,-6,14,0,0,,8,8,8.0,,0,0,0,0,as player,
419,Johnny Lipon,1,1971,1971,18,41,.305,0,-23,59,0,0,,6,6,6.0,0,0,0,0,0,as player,
420,Grady Little,4,2002,2007,358,290,.552,0,68,648,6,9,.400,2,4,2.5,9,2,0,0,0,,
421,John Henry Lloyd HOF,8,1921,1929,253,236,.517,10,17,499,0,0,,1,6,3.8,,0,0,0,0,as player,
422,Hans Lobert,2,1938,1942,42,111,.275,0,-69,153,0,0,,8,8,8.0,3,0,0,0,0,as player,
423,Whitey Lockman,3,1972,1974,157,162,.492,0,-5,319,0,0,,2,6,4.7,6,0,0,0,0,as player,
424,Tom Loftus,9,1884,1903,454,580,.439,21,-126,1055,0,0,,4,8,6.1,1,0,0,0,0,as player,
425,Eddie Lopat,2,1963,1964,90,124,.421,0,-34,214,0,0,,8,10,8.5,2,0,0,0,0,as player,
426,Davey Lopes,3,2000,2002,144,195,.425,1,-51,340,0,0,,3,6,3.6,6,0,0,0,0,as player,
427,Al Lopez HOF,17,1951,1969,1410,1004,.584,11,406,2425,2,8,.200,1,8,2.4,31,2,0,2,5,as player,
428,Harry Lord,1,1915,1915,60,49,.550,1,11,110,0,0,,6,6,6.0,0,0,0,0,0,as player,plyr/mgr: 1915
429,Torey Lovullo,5,2017,2021,337,371,.476,0,-34,708,1,3,.250,2,5,3.2,9,1,0,0,0,as player,
430,Bobby Lowe,1,1904,1904,30,44,.405,4,-14,78,0,0,,7,7,7.0,0,0,0,0,0,as player,plyr/mgr: 1904
431,Frank Lucchesi,7,1970,1987,316,399,.442,0,-83,715,0,0,,2,6,4.7,21,0,0,0,0,,
432,Harry Lumley,1,1909,1909,55,98,.359,2,-43,155,0,0,,6,6,6.0,1,0,0,0,0,as player,plyr/mgr: 1909
433,Dick Lundy,11,1923,1940,303,259,.539,12,44,574,8,13,.381,1,8,2.7,,4,0,2,0,as player,
434,Jimmie Lyons,1,1932,1932,0,8,.000,0,-8,8,0,0,,12,12,12.0,,0,0,0,0,as player,
435,Ted Lyons HOF,3,1946,1948,185,245,.430,4,-60,434,0,0,,5,8,6.4,4,0,0,0,0,as player,plyr/mgr: 1946
436,Ken Macha,6,2003,2010,525,447,.540,0,78,972,5,7,.417,1,3,2.0,4,2,0,0,0,as player,
437,Connie Mack HOF,53,1894,1950,3731,3948,.486,76,-217,7755,24,19,.558,1,8,4.9,1,8,5,9,1,as player,plyr/mgr: 1894-1896
438,Denny Mack,1,1882,1882,42,38,.525,0,4,80,0,0,,3,3,3.0,0,0,0,0,0,as player,plyr/mgr: 1882
439,Earle Mack,2,1937,1939,45,77,.369,3,-32,125,0,0,,7,7,7.0,1,0,0,0,0,as player,
440,Pete Mackanin,5,2005,2017,227,291,.438,0,-64,518,0,0,,4,6,4.7,2,0,0,0,0,as player,
441,Biz Mackey HOF,6,1937,1947,186,143,.565,9,43,338,4,3,.571,1,5,2.5,,1,1,1,0,as player,
442,Jimmy Macullar,1,1879,1879,5,21,.192,1,-16,27,0,0,,7,7,7.0,0,0,0,0,0,as player,plyr/mgr: 1879
443,Joe Maddon,18,1996,2021,1355,1187,.533,1,168,2543,32,35,.478,1,5,2.7,58,8,1,2,2,,
444,Lee Magee,1,1915,1915,53,64,.453,1,-11,118,0,0,,7,7,7.0,7,0,0,0,0,as player,plyr/mgr: 1915
445,Anthony Mahoney,1,1923,1923,10,24,.294,1,-14,35,0,0,,6,6,6.0,,0,0,0,0,as player,
446,Dave Malarcher,7,1926,1934,263,156,.628,9,107,428,26,19,.578,1,7,2.2,,4,2,3,0,as player,
447,Fergy Malone,3,1873,1884,47,66,.416,0,-19,113,0,0,,2,8,6.5,0,0,0,0,0,as player,plyr/mgr: 1873-1884
448,Jack Manning,1,1877,1877,7,12,.368,1,-5,20,0,0,,6,6,6.0,0,0,0,0,0,as player,plyr/mgr: 1877
449,Jim Manning,1,1901,1901,61,72,.459,5,-11,138,0,0,,6,6,6.0,0,0,0,0,0,as player,
450,Charlie Manuel,12,2000,2013,1000,826,.548,0,174,1826,29,22,.569,1,4,1.7,52,6,1,2,2,as player,
451,Jerry Manuel,9,1998,2010,704,684,.507,2,20,1390,0,3,.000,1,4,2.5,30,1,0,0,0,as player,
452,Rabbit Maranville HOF,1,1925,1925,23,30,.434,0,-7,53,0,0,,8,8,8.0,1,0,0,0,0,as player,plyr/mgr: 1925
453,Marty Marion,6,1951,1956,356,372,.489,3,-16,731,0,0,,3,8,4.6,10,0,0,0,0,as player,plyr/mgr: 1952-1953
454,Jim Marshall,4,1974,1979,229,326,.413,0,-97,555,0,0,,4,7,5.7,6,0,0,0,0,as player,
455,Billy Martin,16,1969,1988,1253,1013,.553,1,240,2267,15,19,.441,1,6,2.3,48,5,1,2,3,as player,
456,Buck Martinez,2,2001,2002,100,115,.465,0,-15,215,0,0,,3,3,3.0,2,0,0,0,0,as player,
457,Dave Martinez,4,2018,2021,266,280,.487,0,-14,546,12,5,.706,2,5,3.1,8,1,1,1,0,as player,
458,Marty Martinez,1,1986,1986,0,1,.000,0,-1,1,0,0,,7,7,7.0,0,0,0,0,0,as player,
459,Charlie Mason,1,1887,1887,38,40,.487,4,-2,82,0,0,,5,5,5.0,0,0,0,0,0,as player,
460,Mike Matheny,9,2012,2021,691,596,.537,0,95,1287,21,22,.488,1,4,2.2,18,4,0,1,1,as player,
461,Eddie Mathews HOF,3,1972,1974,149,161,.481,1,-12,311,0,0,,3,5,4.2,6,0,0,0,0,as player,
462,Christy Mathewson HOF,3,1916,1918,164,176,.482,5,-12,345,0,0,,3,7,4.3,0,0,0,0,0,as player,plyr/mgr: 1916
463,Bobby Mattick,2,1980,1981,104,164,.388,0,-60,268,0,0,,7,7,7.0,7,0,0,0,0,as player,
464,Don Mattingly,11,2011,2021,820,857,.489,0,-37,1677,10,14,.417,1,5,2.7,35,4,0,0,0,as player,
465,Gene Mauch,26,1960,1987,1902,2037,.483,3,-135,3942,5,7,.417,1,8,4.6,54,2,0,0,1,as player,
466,Lee Mazzilli,2,2004,2005,129,140,.480,0,-11,269,0,0,,3,4,3.4,2,0,0,0,0,as player,
467,Jimmy McAleer,11,1901,1911,735,889,.453,34,-154,1658,0,0,,2,8,5.9,6,0,0,0,0,as player,plyr/mgr: 1901-1907
468,Dick McBride,5,1871,1875,161,84,.657,6,77,251,0,0,,1,4,2.5,0,0,0,1,0,as player,plyr/mgr: 1871-1875
469,George McBride,1,1921,1921,80,73,.523,1,7,154,0,0,,4,4,4.0,1,0,0,0,0,as player,
470,Jack McCallister,1,1927,1927,66,87,.431,0,-21,153,0,0,,6,6,6.0,1,0,0,0,0,,
471,Joe McCarthy HOF,24,1926,1950,2125,1333,.615,29,792,3487,30,13,.698,1,4,2.0,13,9,7,9,7,,
472,Tommy McCarthy HOF,1,1890,1890,15,12,.556,0,3,27,0,0,,3,3,3.0,0,0,0,0,0,as player,plyr/mgr: 1890
473,Lloyd McClendon,8,2001,2020,501,613,.450,0,-112,1114,0,0,,3,6,4.5,28,0,0,0,0,as player,
474,John McCloskey,5,1895,1908,190,417,.313,8,-227,615,0,0,,7,12,8.7,3,0,0,0,0,,
475,Jim McCormick,3,1879,1882,74,96,.435,1,-22,171,0,0,,3,6,4.5,0,0,0,0,0,as player,plyr/mgr: 1879-1882
476,Webster McDonald,4,1932,1936,123,108,.532,8,15,239,4,3,.571,2,8,4.0,,1,0,1,0,as player,
477,Mel McGaha,3,1962,1965,123,173,.416,1,-50,297,0,0,,6,10,7.8,0,0,0,0,0,,
478,Mike McGeary,3,1875,1881,46,41,.529,3,5,90,0,0,,2,7,4.7,0,0,0,0,0,as player,plyr/mgr: 1875-1881
479,John McGraw HOF,33,1899,1932,2763,1948,.586,58,815,4769,26,28,.481,1,8,2.6,121,9,3,10,1,as player,plyr/mgr: 1899-1906
480,Deacon McGuire,6,1898,1911,210,287,.423,19,-77,516,0,0,,3,11,6.3,6,0,0,0,0,as player,plyr/mgr: 1898-1910
481,Bill McGunnigle,5,1888,1896,327,248,.569,11,79,586,6,9,.400,1,12,4.1,1,0,0,2,0,as player,
482,Stuffy McInnis,1,1927,1927,51,103,.331,1,-52,155,0,0,,8,8,8.0,5,0,0,0,0,as player,plyr/mgr: 1927
483,Bill McKechnie HOF,25,1915,1946,1896,1723,.524,28,173,3647,8,14,.364,1,8,4.0,32,4,2,4,2,as player,plyr/mgr: 1915
484,Jack McKeon,16,1973,2011,1051,990,.515,1,61,2042,11,6,.647,2,7,3.3,16,1,1,1,1,,
485,Alex McKinnon,1,1885,1885,6,32,.158,1,-26,39,0,0,,8,8,8.0,0,0,0,0,0,as player,plyr/mgr: 1885
486,Denny McKnight,1,1884,1884,4,8,.333,0,-4,12,0,0,,10,10,10.0,0,0,0,0,0,,
487,John McLaren,3,2007,2011,70,89,.440,0,-19,159,0,0,,2,4,2.9,8,0,0,0,0,,
488,George McManus,2,1876,1877,34,34,.500,0,0,68,0,0,,2,4,3.8,0,0,0,0,0,,
489,Marty McManus,2,1932,1933,95,153,.383,0,-58,248,0,0,,7,8,7.4,4,0,0,0,0,as player,plyr/mgr: 1932-1933
490,Roy McMillan,2,1972,1975,27,28,.491,0,-1,55,0,0,,3,6,3.1,0,0,0,0,0,as player,
491,John McNamara,19,1969,1996,1160,1233,.485,2,-73,2395,7,10,.412,1,7,3.7,33,2,0,1,1,,
492,Bid McPhee HOF,2,1901,1902,79,124,.389,4,-45,207,0,0,,4,8,6.7,0,0,0,0,0,as player,
493,Hal McRae,6,1991,2002,399,473,.458,0,-74,872,0,0,,3,6,4.5,20,0,0,0,0,as player,
494,Cal McVey,3,1873,1879,91,64,.587,2,27,157,0,0,,2,5,3.4,0,0,0,0,0,as player,plyr/mgr: 1873-1879
495,Sam Mele,7,1961,1967,524,436,.546,3,88,963,3,4,.429,1,7,3.2,5,1,0,1,1,as player,
496,Ski Melillo,1,1938,1938,2,7,.222,1,-5,10,0,0,,7,7,7.0,0,0,0,0,0,as player,
497,Bob Melvin,18,2003,2021,1346,1272,.514,0,74,2618,10,17,.370,1,5,2.7,50,7,0,0,0,as player,
498,José Mendéz HOF,4,1920,1925,196,100,.662,5,96,301,10,12,.455,1,2,1.3,,3,1,3,0,as player,
499,Stump Merrill,2,1990,1991,120,155,.436,0,-35,275,0,0,,5,7,5.8,6,0,0,0,0,,
500,Charlie Metro,2,1962,1970,62,102,.378,0,-40,164,0,0,,4,9,7.4,5,0,0,0,0,as player,
501,Billy Meyer,5,1948,1952,317,452,.412,5,-135,774,0,0,,4,8,6.6,19,0,0,0,0,as player,
502,Gene Michael,4,1981,1987,206,200,.507,0,6,406,0,0,,1,6,4.8,12,0,0,0,0,as player,
503,Clyde Milan,1,1922,1922,69,85,.448,0,-16,154,0,0,,6,6,6.0,0,0,0,0,0,as player,plyr/mgr: 1922
504,Dave Miley,3,2003,2005,125,164,.433,0,-39,289,0,0,,4,6,4.7,5,0,0,0,0,,
505,Doggie Miller,1,1894,1894,56,76,.424,1,-20,133,0,0,,9,9,9.0,1,0,0,0,0,as player,
506,Joe Miller,1,1872,1872,0,11,.000,0,-11,11,0,0,,11,11,11.0,0,0,0,0,0,as player,plyr/mgr: 1872
507,Louis Miller,1,1923,1923,7,5,.583,0,2,12,0,0,,6,6,6.0,,0,0,0,0,as player,
508,Percy Miller,1,1937,1937,14,16,.467,0,-2,30,0,0,,6,6,6.0,,0,0,0,0,as player,
509,Ray Miller,4,1985,1999,266,297,.472,0,-31,563,0,0,,4,6,4.5,13,0,0,0,0,,
510,Brad Mills,3,2010,2012,171,274,.384,0,-103,445,0,0,,4,6,5.3,7,0,0,0,1,as player,
511,Buster Mills,1,1953,1953,4,4,.500,0,0,8,0,0,,6,6,6.0,0,0,0,0,0,as player,
512,Everett Mills,1,1872,1872,8,6,.571,3,2,17,0,0,,2,2,2.0,0,0,0,0,0,as player,plyr/mgr: 1872
513,Alonzo Mitchell,5,1938,1942,61,89,.407,2,-28,152,0,0,,3,5,4.2,,0,0,0,0,as player,
514,Fred Mitchell,7,1917,1923,494,543,.476,7,-49,1044,2,4,.333,1,8,5.0,17,1,0,1,0,as player,
515,George Mitchell,4,1938,1941,71,86,.452,5,-15,162,1,4,.200,3,6,4.2,,1,0,0,0,as player,
516,John Mizerock,1,2002,2002,5,8,.385,0,-3,13,0,0,,4,4,4.0,0,0,0,0,0,as player,
517,Paul Molitor HOF,4,2015,2018,305,343,.471,0,-38,648,0,1,.000,2,5,2.8,8,1,0,0,0,as player,
518,Charlie Montoyo,3,2019,2021,190,194,.495,0,-4,384,0,2,.000,3,4,3.8,4,1,0,0,0,as player,
519,Jackie Moore,3,1984,1986,163,190,.462,0,-27,353,0,0,,3,5,4.3,10,0,0,0,0,as player,
520,Terry Moore,1,1954,1954,35,42,.455,0,-7,77,0,0,,4,4,4.0,0,0,0,0,0,as player,
521,Pat Moran,9,1915,1923,748,586,.561,9,162,1343,6,7,.462,1,6,2.7,10,2,1,2,0,as player,
522,Joe Morgan,4,1988,1991,301,262,.535,0,39,563,0,8,.000,1,3,2.2,11,2,0,0,0,as player,
523,George Moriarty,2,1927,1928,150,157,.489,3,-7,310,0,0,,4,6,5.0,0,0,0,0,0,as player,
524,John Morrill,8,1882,1889,348,334,.510,14,14,696,0,0,,1,8,4.1,0,0,0,1,0,as player,plyr/mgr: 1882-1889
525,Charlie Morton,3,1884,1890,121,153,.442,8,-32,282,0,0,,4,8,5.8,0,0,0,0,0,as player,plyr/mgr: 1884-1885
526,Felix Moses,1,1884,1884,12,30,.286,4,-18,46,0,0,,10,10,10.0,0,0,0,0,0,,
527,Les Moss,2,1968,1979,39,50,.438,0,-11,89,0,0,,5,8,6.2,0,0,0,0,0,as player,
528,Dink Mothell,1,1930,1930,16,28,.364,0,-12,44,0,0,,2,2,2.0,,0,0,0,0,as player,
529,Tim Murnane,1,1884,1884,58,51,.532,2,7,111,0,0,,5,5,5.0,0,0,0,0,0,as player,plyr/mgr: 1884
530,Pat Murphy,1,2015,2015,42,54,.438,0,-12,96,0,0,,4,4,4.0,5,0,0,0,0,,
531,Billy Murray,3,1907,1909,240,214,.529,4,26,458,0,0,,3,5,4.0,2,0,0,0,0,,
532,Danny Murtaugh,15,1957,1976,1115,950,.540,3,165,2068,12,16,.429,1,8,3.3,20,5,2,2,3,as player,
533,Tony Muser,6,1997,2002,317,431,.424,0,-114,748,0,0,,3,5,4.1,12,0,0,0,0,as player,
534,Jim Mutrie,9,1883,1891,658,419,.611,37,239,1114,12,10,.545,1,6,2.8,0,0,2,3,0,,
535,George Myatt,2,1968,1969,20,35,.364,0,-15,55,0,0,,5,7,5.0,0,0,0,0,0,as player,
536,Henry Myers,1,1882,1882,19,54,.260,1,-35,74,0,0,,6,6,6.0,0,0,0,0,0,as player,plyr/mgr: 1882
537,Jerry Narron,5,2001,2007,291,341,.460,1,-50,633,0,0,,3,6,4.2,10,0,0,0,0,as player,
538,Billy Nash,1,1896,1896,62,68,.477,0,-6,130,0,0,,8,8,8.0,0,0,0,0,0,as player,plyr/mgr: 1896
539,Johnny Neun,3,1946,1948,125,143,.466,0,-18,268,0,0,,3,7,5.6,2,0,0,0,0,as player,
540,Jeff Newman,1,1986,1986,2,8,.200,0,-6,10,0,0,,3,3,3.0,1,0,0,0,0,as player,
541,Kid Nichols HOF,2,1904,1905,80,88,.476,1,-8,169,0,0,,5,6,5.1,0,0,0,0,0,as player,plyr/mgr: 1904-1905
542,Hugh Nicol,1,1897,1897,8,32,.200,0,-24,40,0,0,,12,12,12.0,0,0,0,0,0,as player,
543,Russ Nixon,5,1982,1990,231,347,.400,1,-116,579,0,0,,6,6,6.0,4,0,0,0,0,as player,
544,Bill Norman,2,1958,1959,58,64,.475,0,-6,122,0,0,,4,5,4.9,0,0,0,0,0,as player,
545,Jack O'Connor,1,1910,1910,47,107,.305,4,-60,158,0,0,,8,8,8.0,1,0,0,0,0,as player,plyr/mgr: 1910
546,Hank O'Day HOF,2,1912,1914,153,154,.498,4,-1,311,0,0,,4,4,4.0,0,0,0,0,0,as player,
547,Bob O'Farrell,2,1927,1934,122,121,.502,1,1,244,0,0,,2,8,4.2,0,0,0,0,0,as player,plyr/mgr: 1927-1934
548,Dan O'Leary,1,1884,1884,20,15,.571,0,5,35,0,0,,3,3,3.0,0,0,0,0,0,as player,plyr/mgr: 1884
549,Buck O'Neil HOF,1,1948,1948,62,32,.660,2,30,96,3,4,.429,1,1,1.0,,1,0,0,0,as player,
550,Steve O'Neill,14,1935,1954,1040,821,.559,18,219,1879,4,3,.571,1,5,3.3,9,1,1,1,1,as player,
551,Jim O'Rourke HOF,5,1881,1893,246,258,.488,6,-12,510,0,0,,3,12,5.7,0,0,0,0,0,as player,plyr/mgr: 1881-1893
552,Rebel Oakes,2,1914,1915,147,145,.503,7,2,299,0,0,,3,7,4.9,3,0,0,0,0,as player,plyr/mgr: 1914-1915
553,Johnny Oates,11,1991,2001,797,746,.517,1,51,1544,1,9,.100,1,6,2.7,18,3,0,0,0,as player,
554,Jack Onslow,2,1949,1950,71,113,.386,1,-42,185,0,0,,6,6,6.0,6,0,0,0,0,as player,
555,Dave Orr,1,1887,1887,3,5,.375,0,-2,8,0,0,,7,7,7.0,0,0,0,0,0,as player,plyr/mgr: 1887
556,Mel Ott HOF,7,1942,1948,464,530,.467,10,-66,1004,0,0,,3,8,5.5,10,0,0,0,0,as player,plyr/mgr: 1942-1947
557,Paul Owens,3,1972,1984,161,158,.505,0,3,319,4,5,.444,1,6,3.8,2,1,0,1,1,,
558,Danny Ozark,8,1973,1984,618,542,.533,1,76,1161,2,9,.182,1,6,2.7,20,3,0,0,0,,
559,Charlie Pabor,2,1871,1875,13,64,.169,0,-51,77,0,0,,8,12,10.2,0,0,0,0,0,as player,plyr/mgr: 1871-1875
560,Salty Parker,2,1967,1972,5,7,.417,0,-2,12,0,0,,2,10,9.3,0,0,0,0,0,as player,
561,Tom Parker,1,1943,1943,1,5,.167,0,-4,6,0,0,,3,3,3.0,,0,0,0,0,as player,
562,Bill Parks,1,1875,1875,1,7,.125,0,-6,8,0,0,,10,10,10.0,0,0,0,0,0,as player,plyr/mgr: 1875
563,Roy Parnell,2,1940,1941,9,21,.300,0,-12,30,0,0,,4,6,5.1,,0,0,0,0,as player,
564,Larry Parrish,2,1998,1999,82,104,.441,0,-22,186,0,0,,3,5,3.3,1,0,0,0,0,as player,
565,Dickey Pearce,2,1872,1875,49,35,.583,2,14,86,0,0,,3,4,3.8,0,0,0,0,0,as player,plyr/mgr: 1872-1875
566,Roger Peckinpaugh,8,1914,1941,500,491,.505,4,9,995,0,0,,3,7,4.5,7,0,0,0,0,as player,plyr/mgr: 1914
567,Al Pedrique,1,2004,2004,22,61,.265,0,-39,83,0,0,,5,5,5.0,1,0,0,0,0,as player,
568,Tony Pena,4,2002,2005,198,285,.410,0,-87,483,0,0,,3,5,4.1,7,0,0,0,0,as player,
569,Tony Perez HOF,2,1993,2001,74,84,.468,0,-10,158,0,0,,4,5,4.3,1,0,0,0,0,as player,
570,Cy Perkins,1,1937,1937,6,9,.400,0,-3,15,0,0,,2,2,2.0,0,0,0,0,0,as player,
571,Sam Perlozzo,3,2005,2007,122,164,.427,0,-42,286,0,0,,4,5,4.2,8,0,0,0,0,as player,
572,Johnny Pesky,3,1963,1980,147,179,.451,0,-32,326,0,0,,4,8,7.4,3,0,0,0,0,as player,
573,Bruce Petway,4,1922,1925,182,139,.567,2,43,323,0,0,,3,4,3.6,,0,0,0,0,as player,
574,Fred Pfeffer,1,1892,1892,42,56,.429,2,-14,100,0,0,,9,11,9.5,0,0,0,0,0,as player,plyr/mgr: 1892
575,Lou Phelan,1,1895,1895,11,30,.268,4,-19,45,0,0,,11,11,11.0,0,0,0,0,0,,
576,Bill Phillips,2,1914,1915,114,92,.553,4,22,210,0,0,,1,5,2.0,0,0,0,1,0,as player,
577,Horace Phillips,8,1879,1889,338,415,.449,12,-77,765,0,0,,2,10,5.0,0,0,0,0,0,,
578,Lefty Phillips,3,1969,1971,222,225,.497,1,-3,448,0,0,,3,4,3.4,0,0,0,0,0,,
579,Lip Pike,3,1871,1877,20,51,.282,0,-31,71,0,0,,6,7,6.7,0,0,0,0,0,as player,plyr/mgr: 1871-1877
580,Lou Piniella,23,1986,2010,1835,1713,.517,0,122,3548,23,27,.460,1,5,2.8,64,7,1,1,1,as player,
581,Bill Plummer,1,1992,1992,64,98,.395,0,-34,162,0,0,,7,7,7.0,1,0,0,0,0,as player,
582,Eddie Popowski,2,1969,1973,6,4,.600,0,2,10,0,0,,2,3,2.9,0,0,0,0,0,,
583,Bo Porter,2,2013,2014,110,190,.367,0,-80,300,0,0,,5,5,5.0,4,0,0,0,0,as player,
584,Matthew Porter,1,1884,1884,3,13,.188,0,-10,16,0,0,,8,8,8.0,0,0,0,0,0,as player,plyr/mgr: 1884
585,Cum Posey HOF,4,1929,1935,93,95,.495,8,-2,196,0,0,,2,7,4.5,,0,0,0,0,,
586,Pat Powers,2,1890,1892,134,143,.484,9,-9,286,0,0,,5,10,6.6,0,0,0,0,0,,
587,Al Pratt,2,1882,1883,51,59,.464,1,-8,111,0,0,,4,7,4.9,0,0,0,0,0,as player,
588,Bryan Price,5,2014,2018,279,387,.419,0,-108,666,0,0,,4,5,4.8,11,0,0,0,0,,
589,Jim Price,1,1884,1884,56,42,.571,2,14,100,0,0,,4,4,4.0,0,0,0,0,0,,
590,Tom Prince,1,2019,2019,0,1,.000,0,-1,1,0,0,,5,5,5.0,0,0,0,0,0,as player,
591,Doc Prothro,3,1939,1941,138,320,.301,2,-182,460,0,0,,8,8,8.0,2,0,0,0,0,as player,
592,Luis Pujols,1,2002,2002,55,100,.355,0,-45,155,0,0,,5,5,5.0,2,0,0,0,0,as player,
593,Blondie Purcell,1,1883,1883,13,68,.160,1,-55,82,0,0,,8,8,8.0,0,0,0,0,0,as player,plyr/mgr: 1883
594,Mike Quade,2,2010,2011,95,104,.477,0,-9,199,0,0,,5,5,5.0,7,0,0,0,0,,
595,Mel Queen,1,1997,1997,4,1,.800,0,3,5,0,0,,5,5,5.0,0,0,0,0,0,as player,
596,Frank Quilici,4,1972,1975,280,287,.494,1,-7,568,0,0,,3,4,3.3,8,0,0,0,0,as player,
597,Joe Quinn,2,1895,1899,23,132,.148,1,-109,156,0,0,,11,12,11.7,0,0,0,0,0,as player,plyr/mgr: 1895-1899
598,Ted Radcliffe,5,1937,1943,165,148,.527,5,17,318,4,3,.571,2,7,3.5,,2,0,1,0,as player,
599,Doug Rader,7,1983,1991,388,417,.482,1,-29,806,0,0,,3,7,4.8,14,0,0,0,0,as player,
600,Ramiro Ramírez,2,1932,1948,47,76,.382,4,-29,127,0,0,,4,4,4.0,,0,0,0,0,as player,
601,Willie Randolph,4,2005,2008,302,253,.544,0,49,555,6,4,.600,1,3,2.1,4,1,0,0,0,as player,
602,Vern Rapp,3,1977,1984,140,160,.467,0,-20,300,0,0,,3,5,3.9,6,0,0,0,0,,
603,Otto Ray,1,1924,1924,5,13,.278,0,-8,18,0,0,,8,8,8.0,,0,0,0,0,as player,
604,Al Reach,1,1890,1890,4,7,.364,0,-3,11,0,0,,3,3,3.0,0,0,0,0,0,as player,
605,Dick Redding,1,1927,1927,11,23,.324,0,-12,34,0,0,,7,7,7.0,,0,0,0,0,as player,
606,Mike Redmond,3,2013,2015,155,207,.428,0,-52,362,0,0,,4,5,4.4,7,0,0,0,0,as player,
607,Wilson Redus,1,1940,1940,20,31,.392,0,-11,51,0,0,,5,5,5.0,,0,0,0,0,as player,
608,John Reese,3,1926,1931,156,63,.712,4,93,223,4,3,.571,1,3,1.5,,2,0,2,0,as player,
609,Phil Regan,1,1995,1995,71,73,.493,0,-2,144,0,0,,3,3,3.0,2,0,0,0,0,as player,
610,Rick Renteria,5,2014,2020,309,398,.437,0,-89,707,1,2,.333,2,5,3.8,30,1,0,0,0,as player,
611,Del Rice,1,1972,1972,75,80,.484,0,-5,155,0,0,,5,5,5.0,6,0,0,0,0,as player,
612,Paul Richards,12,1951,1976,923,901,.506,13,22,1837,0,0,,2,7,4.5,82,0,0,0,2,as player,
613,Danny Richardson,1,1892,1892,12,31,.279,0,-19,43,0,0,,12,12,12.0,0,0,0,0,0,as player,plyr/mgr: 1892
614,Branch Rickey HOF,10,1913,1925,597,664,.473,16,-67,1277,0,0,,3,8,5.0,3,0,0,0,0,as player,plyr/mgr: 1914
615,Greg Riddoch,3,1990,1992,200,194,.508,0,6,394,0,0,,3,5,3.4,6,0,0,0,0,,
616,Bill Riggins,1,1926,1926,44,34,.564,1,10,79,0,0,,4,4,4.0,,0,0,0,0,as player,
617,Jim Riggleman,13,1992,2018,726,904,.445,0,-178,1630,0,3,.000,2,7,4.5,28,1,0,0,0,,
618,Bill Rigney,18,1956,1976,1239,1321,.484,1,-82,2561,0,3,.000,1,9,5.2,64,1,0,0,0,as player,
619,Cal Ripken,3,1985,1988,68,101,.402,0,-33,169,0,0,,4,7,6.0,8,0,0,0,0,,
620,Dave Roberts,7,2015,2021,542,330,.622,0,212,872,44,33,.571,1,4,1.2,9,6,1,3,3,as player,
621,Frank Robinson HOF,16,1975,2006,1065,1176,.475,0,-111,2241,0,0,,2,7,4.4,29,0,0,0,0,as player,plyr/mgr: 1975-1976
622,Wilbert Robinson HOF,19,1902,1931,1399,1398,.500,21,1,2818,3,9,.250,1,8,4.8,3,2,0,2,0,as player,plyr/mgr: 1902
623,Stan Robison,1,1905,1905,19,31,.380,0,-12,50,0,0,,6,6,6.0,0,0,0,0,0,,
624,Buck Rodgers,13,1980,1994,784,774,.503,1,10,1559,2,3,.400,1,7,3.6,25,1,0,0,0,as player,
625,Edwin Rodriguez,2,2010,2011,78,85,.479,0,-7,163,0,0,,3,5,3.9,4,0,0,0,0,as player,
626,Ron Roenicke,6,2011,2020,366,367,.499,0,-1,733,5,6,.455,1,5,3.0,10,1,0,0,0,as player,
627,Bullet Rogan HOF,5,1926,1930,257,111,.698,1,146,369,4,5,.444,1,3,1.8,,2,0,1,0,as player,
628,Jim Rogers,1,1897,1897,17,24,.415,3,-7,44,0,0,,11,11,11.0,1,0,0,0,0,as player,plyr/mgr: 1897
629,Cookie Rojas,2,1988,1996,76,79,.490,0,-3,155,0,0,,3,4,4.0,4,0,0,0,0,as player,
630,Luis Rojas,2,2020,2021,103,119,.464,0,-16,222,0,0,,3,4,3.3,5,0,0,0,0,,
631,Red Rolfe,4,1949,1952,278,256,.521,5,22,539,0,0,,2,8,4.2,3,0,0,0,0,as player,
632,Pete Rose,6,1984,1989,412,373,.525,1,39,786,0,0,,2,5,2.6,9,0,0,0,0,as player,plyr/mgr: 1984-1986
633,James Roseman,1,1890,1890,7,8,.467,0,-1,15,0,0,,3,3,3.0,0,0,0,0,0,as player,plyr/mgr: 1890
634,David Ross,2,2020,2021,105,117,.473,0,-12,222,0,2,.000,1,4,3.2,5,1,0,0,0,as player,
635,Larry Rothschild,4,1998,2001,205,294,.411,0,-89,499,0,0,,5,5,5.0,15,0,0,0,0,as player,
636,Dave Rowe,2,1886,1888,44,127,.257,5,-83,176,0,0,,7,8,7.3,0,0,0,0,0,as player,plyr/mgr: 1886-1888
637,Jack Rowe,1,1890,1890,27,72,.273,1,-45,100,0,0,,8,8,8.0,0,0,0,0,0,as player,plyr/mgr: 1890
638,Pants Rowland,4,1915,1918,339,247,.578,4,92,590,4,2,.667,1,6,2.8,6,1,1,1,0,,
639,Jerry Royster,1,2002,2002,53,94,.361,0,-41,147,0,0,,6,6,6.0,1,0,0,0,0,as player,
640,Muddy Ruel,1,1947,1947,59,95,.383,0,-36,154,0,0,,8,8,8.0,0,0,0,0,0,as player,
641,Tom Runnells,2,1991,1992,68,81,.456,0,-13,149,0,0,,2,6,5.0,3,0,0,0,0,as player,
642,Pete Runnels,1,1966,1966,8,8,.500,0,0,16,0,0,,9,9,9.0,0,0,0,0,0,as player,
643,Bill Russell,3,1996,1998,173,149,.537,0,24,322,0,3,.000,2,3,2.2,3,1,0,0,0,as player,
644,Branch Russell,1,1926,1926,1,8,.111,0,-7,9,0,0,,3,3,3.0,,0,0,0,0,as player,
645,John Russell,3,2008,2010,186,299,.384,0,-113,485,0,0,,6,6,6.0,5,0,0,0,0,as player,
646,Connie Ryan,2,1975,1977,11,22,.333,0,-11,33,0,0,,2,5,4.5,0,0,0,0,0,as player,
647,Tommy Sampson,2,1946,1947,81,63,.563,0,18,144,0,0,,2,3,2.6,,0,0,0,0,as player,
648,Juan Samuel,1,2010,2010,17,34,.333,0,-17,51,0,0,,5,5,5.0,2,0,0,0,0,as player,
649,Ryne Sandberg HOF,3,2013,2015,119,159,.428,0,-40,278,0,0,,4,5,4.8,4,0,0,0,0,as player,
650,Eddie Sawyer,8,1948,1960,390,423,.480,4,-33,817,0,4,.000,1,8,4.7,4,1,0,1,1,,
651,George Scales,5,1938,1947,81,106,.433,10,-25,197,0,0,,3,6,4.1,,0,0,0,0,as player,
652,Mike Scanlon,2,1884,1886,60,132,.313,4,-72,196,0,0,,7,8,7.4,0,0,0,0,0,,
653,Bob Schaefer,2,1991,2005,6,12,.333,0,-6,18,0,0,,5,6,5.1,0,0,0,0,0,,
654,Ray Schalk HOF,2,1927,1928,102,125,.449,1,-23,228,0,0,,5,5,5.0,1,0,0,0,0,as player,plyr/mgr: 1927-1928
655,Bob Scheffing,6,1957,1963,418,427,.495,4,-9,849,0,0,,2,8,5.1,11,0,0,0,0,as player,
656,Larry Schlafly,2,1914,1915,93,99,.484,4,-6,196,0,0,,4,6,4.4,10,0,0,0,0,as player,plyr/mgr: 1914
657,Gus Schmelz,11,1884,1897,624,703,.470,30,-79,1357,0,0,,2,11,5.9,0,0,0,0,0,,
658,Red Schoendienst HOF,14,1965,1990,1041,955,.522,3,86,1999,7,7,.500,1,7,3.5,12,2,1,2,2,as player,
659,Joe Schultz,2,1969,1973,78,112,.411,1,-34,191,0,0,,3,6,5.6,3,0,0,0,0,as player,
660,Mike Scioscia,19,2000,2018,1650,1428,.536,0,222,3078,21,27,.438,1,4,2.3,47,7,1,1,1,as player,
661,Frank Selee HOF,16,1890,1905,1284,862,.598,34,422,2180,10,0,1.000,1,6,2.9,0,0,0,5,0,,
662,Scott Servais,6,2016,2021,438,432,.503,0,6,870,0,0,,2,5,3.0,15,0,0,0,0,as player,
663,Luke Sewell,10,1941,1952,606,644,.485,9,-38,1259,2,4,.333,1,7,4.8,11,1,0,1,0,as player,plyr/mgr: 1942
664,Dan Shannon,2,1889,1891,25,80,.238,4,-55,109,0,0,,8,8,8.0,1,0,0,0,0,as player,plyr/mgr: 1889-1891
665,Bill Sharsig,5,1886,1891,238,216,.524,11,22,465,0,0,,3,8,4.7,0,0,0,0,0,,
666,Bob Shawkey,1,1930,1930,86,68,.558,0,18,154,0,0,,3,3,3.0,2,0,0,0,0,as player,
667,Tom Sheehan,1,1960,1960,46,50,.479,2,-4,98,0,0,,5,5,5.0,0,0,0,0,0,as player,
668,Derek Shelton,2,2020,2021,80,142,.360,0,-62,222,0,0,,5,5,5.0,5,0,0,0,0,,
669,Larry Shepard,2,1968,1969,164,155,.514,1,9,320,0,0,,3,6,4.5,8,0,0,0,0,,
670,Norm Sherry,2,1976,1977,76,71,.517,0,5,147,0,0,,4,5,4.6,0,0,0,0,0,as player,
671,Bill Shettsline,5,1898,1902,367,303,.548,7,64,677,0,0,,2,7,4.1,0,0,0,0,0,,
672,Mike Shildt,4,2018,2021,252,199,.559,0,53,451,4,9,.308,1,3,1.8,10,3,0,0,0,,
673,Burt Shotton,11,1928,1950,697,764,.477,8,-67,1469,4,8,.333,1,8,4.6,2,2,0,2,1,as player,
674,Buck Showalter,20,1992,2018,1551,1517,.506,1,34,3069,9,14,.391,1,5,3.1,33,5,0,0,1,,
675,Ken Silvestri,1,1967,1967,0,3,.000,0,-3,3,0,0,,7,7,7.0,0,0,0,0,0,as player,
676,Joe Simmons,2,1875,1884,3,28,.097,0,-25,31,0,0,,12,12,12.0,0,0,0,0,0,as player,plyr/mgr: 1875
677,Lew Simmons,1,1886,1886,41,55,.427,2,-14,98,0,0,,6,6,6.0,0,0,0,0,0,,
678,Dick Sisler,2,1964,1965,121,94,.563,0,27,215,0,0,,2,4,3.5,2,0,0,0,0,as player,
679,George Sisler HOF,3,1924,1926,218,241,.475,3,-23,462,0,0,,3,7,4.7,3,0,0,0,0,as player,plyr/mgr: 1924-1926
680,Frank Skaff,1,1966,1966,40,39,.506,0,1,79,0,0,,3,3,3.0,0,0,0,0,0,as player,
681,Bob Skinner,3,1968,1977,93,123,.431,0,-30,216,0,0,,5,7,6.0,1,0,0,0,0,as player,
682,Joel Skinner,1,2002,2002,35,41,.461,0,-6,76,0,0,,3,3,3.0,0,0,0,0,0,as player,
683,Jack Slattery,1,1928,1928,11,20,.355,0,-9,31,0,0,,7,7,7.0,0,0,0,0,0,as player,
684,Bill Smith,1,1873,1873,0,5,.000,0,-5,5,0,0,,9,9,9.0,0,0,0,0,0,as player,plyr/mgr: 1873
685,Clarence Smith,2,1929,1930,42,48,.467,0,-6,90,0,0,,5,6,5.3,,0,0,0,0,as player,
686,Harry Smith,1,1909,1909,23,54,.299,2,-31,79,0,0,,8,8,8.0,1,0,0,0,0,as player,plyr/mgr: 1909
687,Heinie Smith,1,1902,1902,5,27,.156,0,-22,32,0,0,,8,8,8.0,0,0,0,0,0,as player,plyr/mgr: 1902
688,Mayo Smith,9,1955,1970,662,612,.520,5,50,1279,4,3,.571,1,8,3.7,9,1,1,1,1,as player,
689,Brian Snitker,6,2016,2021,441,390,.531,0,51,831,22,15,.595,1,5,2.0,15,4,1,1,0,,
690,Felton Snow,8,1939,1947,279,225,.554,8,54,512,6,2,.750,2,5,2.8,,1,0,1,0,as player,
691,Jim Snyder,1,1988,1988,45,60,.429,0,-15,105,0,0,,7,7,7.0,3,0,0,0,0,as player,
692,Pop Snyder,4,1882,1891,163,122,.572,3,41,288,0,0,,1,8,3.9,0,0,0,1,0,as player,plyr/mgr: 1882-1891
693,Allan Sothoron,1,1933,1933,2,6,.250,0,-4,8,0,0,,8,8,8.0,0,0,0,0,0,as player,
694,Billy Southworth HOF,13,1929,1951,1044,704,.597,22,340,1770,11,11,.500,1,4,2.4,5,4,2,4,3,as player,plyr/mgr: 1929
695,Al Spalding HOF,2,1876,1877,78,47,.624,1,31,126,0,0,,1,5,2.9,0,0,0,1,0,as player,plyr/mgr: 1876-1877
696,Tris Speaker HOF,8,1919,1926,617,520,.543,2,97,1139,5,2,.714,1,6,3.4,4,1,1,1,0,as player,plyr/mgr: 1919-1926
697,Harry Spence,1,1888,1888,50,85,.370,1,-35,136,0,0,,7,7,7.0,0,0,0,0,0,,
698,Chick Stahl,1,1906,1906,14,26,.350,0,-12,40,0,0,,8,8,8.0,0,0,0,0,0,as player,plyr/mgr: 1906
699,Jake Stahl,4,1905,1913,263,270,.493,7,-7,540,4,3,.571,1,7,4.8,10,1,1,1,0,as player,plyr/mgr: 1905-1913
700,George Stallings,13,1897,1920,879,898,.495,35,-19,1812,4,0,1.000,1,10,4.7,2,1,1,1,0,as player,plyr/mgr: 1897-1898
701,Eddie Stanky,8,1952,1977,467,435,.518,4,32,906,0,0,,2,8,4.5,26,0,0,0,0,as player,plyr/mgr: 1952-1953
702,Joe Start,1,1873,1873,18,7,.720,0,11,25,0,0,,4,4,4.0,0,0,0,0,0,as player,plyr/mgr: 1873
703,Turkey Stearnes HOF,1,1937,1937,0,3,.000,0,-3,3,0,0,,6,6,6.0,,0,0,0,0,as player,
704,Casey Stengel HOF,25,1934,1965,1905,1842,.508,19,63,3766,37,26,.587,1,10,4.4,40,10,7,10,10,as player,
705,George Stovall,5,1911,1915,313,376,.454,9,-63,698,0,0,,3,8,5.5,9,0,0,0,0,as player,plyr/mgr: 1911-1915
706,Harry Stovey,2,1881,1885,63,75,.457,2,-12,140,0,0,,4,8,4.8,0,0,0,0,0,as player,plyr/mgr: 1881-1885
707,Felton Stratton,1,1933,1933,20,25,.444,1,-5,46,0,0,,5,5,5.0,,0,0,0,0,as player,
708,Gabby Street,6,1929,1938,365,332,.524,5,33,702,6,7,.462,1,7,3.9,14,2,1,2,0,as player,plyr/mgr: 1931
709,Cub Stricker,1,1892,1892,6,17,.261,0,-11,23,0,0,,9,9,9.0,0,0,0,0,0,as player,plyr/mgr: 1892
710,George Strickland,2,1964,1966,48,63,.432,1,-15,112,0,0,,5,6,5.7,0,0,0,0,0,as player,
711,Ted Strong,1,1937,1937,17,21,.447,1,-4,39,0,0,,4,4,4.0,,0,0,0,0,as player,
712,Moose Stubing,1,1988,1988,0,8,.000,0,-8,8,0,0,,4,4,4.0,0,0,0,0,0,as player,
713,Clyde Sukeforth,1,1947,1947,2,0,1.000,0,2,2,0,0,,1,1,1.0,0,0,0,0,0,as player,
714,Billy Sullivan,1,1909,1909,78,74,.513,7,4,159,0,0,,4,4,4.0,0,0,0,0,0,as player,plyr/mgr: 1909
715,Haywood Sullivan,1,1965,1965,54,82,.397,0,-28,136,0,0,,10,10,10.0,0,0,0,0,0,as player,
716,Pat Sullivan,1,1890,1890,2,1,.667,0,1,3,0,0,,2,2,2.0,0,0,0,0,0,,
717,Ted Sullivan,3,1883,1888,132,132,.500,4,0,268,0,0,,1,8,5.4,0,0,0,0,0,as player,plyr/mgr: 1884
718,Mule Suttles HOF,2,1943,1944,58,67,.464,0,-9,125,0,0,,4,5,4.5,,0,0,0,0,as player,
719,Dale Sveum,3,2008,2013,134,202,.399,0,-68,336,1,3,.250,2,5,4.9,10,1,0,0,0,as player,
720,Charlie Sweasy,1,1875,1875,4,15,.211,0,-11,19,0,0,,8,8,8.0,0,0,0,0,0,as player,plyr/mgr: 1875
721,Bob Swift,2,1965,1966,56,43,.566,0,13,99,0,0,,3,4,3.4,0,0,0,0,0,as player,
722,Chuck Tanner,19,1970,1988,1352,1381,.495,5,-29,2738,7,3,.700,1,6,3.7,38,1,1,1,1,as player,
723,El Tappe,2,1961,1962,46,70,.397,1,-24,117,0,0,,7,9,7.3,4,0,0,0,0,as player,plyr/mgr: 1962
724,Ben Taylor HOF,8,1922,1938,197,258,.433,11,-61,466,0,0,,1,8,4.4,,0,0,0,0,as player,
725,C.I. Taylor,2,1920,1921,104,98,.515,8,6,210,0,0,,4,4,4.0,,0,0,0,0,as player,
726,Candy Jim Taylor,27,1920,1947,955,991,.491,21,-36,1967,17,17,.500,1,10,4.3,,6,2,3,0,as player,
727,George Taylor,1,1884,1884,40,64,.385,5,-24,109,0,0,,9,9,9.0,0,0,0,0,0,,
728,Jelly Taylor,1,1946,1946,28,22,.560,1,6,51,0,0,,4,4,4.0,,0,0,0,0,as player,
729,Zack Taylor,5,1946,1951,235,410,.364,4,-175,649,0,0,,6,8,7.0,13,0,0,0,0,as player,
730,Birdie Tebbetts,11,1954,1966,748,705,.515,2,43,1455,0,0,,3,6,4.8,24,0,0,0,0,as player,
731,Patsy Tebeau,11,1890,1900,726,583,.555,30,143,1339,0,10,.000,1,7,4.1,18,0,0,0,0,as player,plyr/mgr: 1890-1900
732,Gene Tenace,1,1991,1991,19,14,.576,0,5,33,0,0,,1,1,1.0,0,0,0,0,0,as player,
733,Fred Tenney,4,1905,1911,202,402,.334,12,-200,616,0,0,,7,8,7.5,8,0,0,0,0,as player,plyr/mgr: 1905-1911
734,Bill Terry HOF,10,1932,1941,823,661,.555,12,162,1496,7,9,.438,1,6,3.2,3,3,1,3,3,as player,plyr/mgr: 1932-1936
735,Fred Thomas,1,1887,1887,11,18,.379,0,-7,29,0,0,,8,8,8.0,0,0,0,0,0,,
736,Andrew Thompson,1,1884,1884,2,6,.250,1,-4,9,0,0,,9,9,9.0,0,0,0,0,0,,
737,Jack Tighe,2,1957,1958,99,104,.488,0,-5,203,0,0,,4,5,4.2,4,0,0,0,0,,
738,Jayce Tingler,2,2020,2021,116,106,.523,0,10,222,2,4,.333,2,3,2.7,8,1,0,0,0,,
739,Joe Tinker HOF,4,1913,1916,304,308,.497,12,-4,624,0,0,,1,7,3.8,16,0,0,1,0,as player,plyr/mgr: 1913-1916
740,Jeff Torborg,11,1977,2003,634,718,.469,0,-84,1352,0,0,,2,7,4.6,11,0,0,0,0,as player,
741,Joe Torre HOF,29,1977,2010,2326,1997,.538,6,329,4329,84,58,.592,1,6,2.4,70,15,4,6,6,as player,plyr/mgr: 1977
742,Carlos Tosca,3,2002,2004,191,191,.500,0,0,382,0,0,,3,5,3.6,5,0,0,0,0,,
743,Dick Tracewski,1,1979,1979,2,0,1.000,0,2,2,0,0,,5,5,5.0,0,0,0,0,0,as player,
744,Jim Tracy,11,2001,2012,856,880,.493,0,-24,1736,2,6,.250,1,6,3.5,27,2,0,0,0,as player,
745,Alan Trammell HOF,4,2003,2014,187,302,.382,0,-115,489,0,0,,4,5,4.3,12,0,0,0,0,as player,
746,Pie Traynor HOF,6,1934,1939,457,406,.530,5,51,868,0,0,,2,6,3.9,3,0,0,0,0,as player,plyr/mgr: 1934-1937
747,Tom Trebelhorn,7,1986,1994,471,461,.505,0,10,932,0,0,,3,6,4.3,13,0,0,0,0,,
748,Dave Trembley,4,2007,2010,187,283,.398,0,-96,470,0,0,,4,5,4.8,10,0,0,0,0,,
749,Sam Trott,1,1891,1891,4,7,.364,1,-3,12,0,0,,9,9,9.0,0,0,0,0,0,as player,
750,Quincy Trouppe,4,1945,1948,174,140,.554,8,34,322,5,4,.556,1,5,2.5,,2,1,2,0,as player,
751,Ted Turner,1,1977,1977,0,1,.000,0,-1,1,0,0,,6,6,6.0,0,0,0,0,0,,
752,Bob Unglaub,1,1907,1907,9,20,.310,0,-11,29,0,0,,7,7,7.0,1,0,0,0,0,as player,plyr/mgr: 1907
753,Bobby Valentine,16,1985,2012,1186,1165,.504,0,21,2351,13,11,.542,2,7,3.7,44,2,0,1,1,as player,
754,George Van Haltren,1,1892,1892,1,10,.091,0,-9,11,0,0,,12,12,12.0,0,0,0,0,0,as player,plyr/mgr: 1892
755,Gary Varsho,1,2004,2004,1,1,.500,0,0,2,0,0,,2,2,2.0,0,0,0,0,0,as player,
756,Robin Ventura,5,2012,2016,375,435,.463,0,-60,810,0,0,,2,5,3.8,15,0,0,0,0,as player,
757,Mickey Vernon,3,1961,1963,135,227,.373,1,-92,363,0,0,,9,10,9.6,4,0,0,0,0,as player,
758,Bill Virdon,13,1972,1984,995,921,.519,2,74,1918,6,9,.400,1,6,2.9,16,3,0,0,0,as player,
759,Ossie Vitt,3,1938,1940,262,198,.570,2,64,462,0,0,,2,3,2.7,3,0,0,0,0,as player,
760,Chris Von Der Ahe,3,1895,1897,3,14,.176,0,-11,17,0,0,,11,12,11.8,0,0,0,0,0,,
761,John Vukovich,2,1986,1988,6,5,.545,0,1,11,0,0,,5,6,5.8,0,0,0,0,0,as player,
762,Heinie Wagner,1,1930,1930,52,102,.338,0,-50,154,0,0,,8,8,8.0,0,0,0,0,0,as player,
763,Honus Wagner HOF,1,1917,1917,1,4,.200,0,-3,5,0,0,,8,8,8.0,0,0,0,0,0,as player,plyr/mgr: 1917
764,Don Wakamatsu,3,2009,2018,130,154,.458,0,-24,284,0,0,,3,5,3.5,3,0,0,0,0,as player,
765,Harry Walker,9,1955,1972,630,604,.511,1,26,1235,0,0,,2,10,4.6,22,0,0,0,0,as player,plyr/mgr: 1955
766,Hoss Walker,5,1944,1948,183,193,.487,6,-10,382,1,2,.333,2,5,3.7,,1,0,0,0,as player,
767,Bobby Wallace HOF,3,1911,1937,62,154,.287,1,-92,217,0,0,,7,8,7.8,0,0,0,0,0,as player,plyr/mgr: 1911-1912
768,Dick Wallace,2,1920,1921,79,72,.523,1,7,152,0,0,,3,6,4.4,,0,0,0,0,as player,
769,Ed Walsh HOF,1,1924,1924,1,2,.333,0,-1,3,0,0,,6,6,6.0,0,0,0,0,0,as player,
770,Mike Walsh,1,1884,1884,68,40,.630,2,28,110,0,0,,3,3,3.0,0,0,0,0,0,,
771,Bucky Walters,2,1948,1949,81,123,.397,2,-42,206,0,0,,7,7,7.0,3,0,0,0,0,as player,plyr/mgr: 1948
772,John Waltz,1,1892,1892,2,6,.250,0,-4,8,0,0,,12,12,12.0,0,0,0,0,0,,
773,John Ward HOF,7,1880,1894,412,320,.563,19,92,751,0,0,,2,6,3.4,3,0,0,0,0,as player,plyr/mgr: 1880-1894
774,Frank Warfield,6,1924,1932,237,145,.620,3,92,385,9,6,.600,1,8,2.1,,3,1,3,0,as player,
775,Ron Washington,8,2007,2014,664,611,.521,0,53,1275,18,16,.529,1,5,2.3,15,3,0,2,2,as player,
776,John Wathan,6,1987,1992,326,320,.505,0,6,646,0,0,,2,6,3.9,7,0,0,0,0,as player,
777,Bill Watkins,9,1884,1899,452,444,.504,18,8,914,10,5,.667,1,11,5.9,0,0,1,1,0,as player,plyr/mgr: 1884
778,Harvey Watkins,1,1895,1895,18,17,.514,0,1,35,0,0,,9,9,9.0,0,0,0,0,0,,
779,Earl Weaver HOF,17,1968,1986,1480,1060,.583,1,420,2541,26,20,.565,1,7,2.2,96,6,1,4,4,,
780,Eric Wedge,10,2003,2013,774,846,.478,0,-72,1620,6,5,.545,1,4,3.3,33,1,0,0,0,as player,
781,Walt Weiss,4,2013,2016,283,365,.437,0,-82,648,0,0,,3,5,4.3,7,0,0,0,0,as player,
782,Winfield Welch,6,1941,1948,218,190,.534,5,28,413,7,10,.412,1,5,2.7,,2,0,2,0,as player,
783,Willie Wells HOF,3,1942,1947,64,79,.448,3,-15,146,0,0,,2,6,3.7,,0,0,0,0,as player,
784,Charles Wesley,5,1924,1930,129,190,.404,7,-61,326,0,0,,5,8,6.2,,0,0,0,0,as player,
785,Wes Westrum,5,1965,1975,260,366,.415,1,-106,627,0,0,,3,10,7.3,9,0,0,0,0,as player,
786,Harry Wheeler,1,1884,1884,0,4,.000,0,-4,4,0,0,,8,8,8.0,0,0,0,0,0,as player,plyr/mgr: 1884
787,Deacon White HOF,2,1872,1879,9,11,.450,0,-2,20,0,0,,5,7,5.2,0,0,0,0,0,as player,plyr/mgr: 1872-1879
788,Jo-Jo White,1,1960,1960,1,0,1.000,0,1,1,0,0,,4,4,4.0,0,0,0,0,0,as player,
789,Sol White HOF,1,1924,1924,11,20,.355,0,-9,31,0,0,,8,8,8.0,,0,0,0,0,,
790,Warren White,1,1874,1874,9,38,.191,0,-29,47,0,0,,8,8,8.0,0,0,0,0,0,as player,plyr/mgr: 1874
791,Will White,1,1884,1884,44,27,.620,1,17,72,0,0,,5,5,5.0,0,0,0,0,0,as player,plyr/mgr: 1884
792,Del Wilber,1,1973,1973,1,0,1.000,0,1,1,0,0,,6,6,6.0,0,0,0,0,0,as player,
793,Kaiser Wilhelm,2,1921,1922,83,137,.377,1,-54,221,0,0,,7,8,7.3,0,0,0,0,0,as player,plyr/mgr: 1921
794,Bobby Williams,1,1934,1934,4,24,.143,0,-20,28,0,0,,8,8,8.0,,0,0,0,0,as player,
795,Dick Williams HOF,21,1967,1988,1571,1451,.520,1,120,3023,21,23,.477,1,7,3.2,57,5,2,4,4,as player,
796,Harry Williams,2,1943,1944,18,45,.286,1,-27,64,0,0,,3,6,5.3,,0,0,0,0,as player,
797,Jim Williams,1,1940,1940,10,5,.667,0,5,15,0,0,,3,3,3.0,,0,0,0,0,as player,
798,Jimmy Williams,3,1884,1888,110,169,.394,3,-59,282,0,0,,4,8,6.3,0,0,0,0,0,,
799,Jimy Williams,12,1986,2004,910,790,.535,1,120,1701,5,9,.357,1,5,2.6,33,2,0,0,0,as player,
800,Joe Williams HOF,1,1923,1923,18,23,.439,0,-5,41,0,0,,5,5,5.0,,0,0,0,0,as player,
801,Matt Williams,2,2014,2015,179,145,.552,0,34,324,1,3,.250,1,2,1.5,3,1,0,0,0,as player,
802,Nish Williams,2,1938,1939,13,20,.394,0,-7,33,0,0,,5,6,5.8,,0,0,0,0,as player,
803,Poindexter Williams,3,1928,1932,40,58,.408,1,-18,99,0,0,,3,6,5.0,,0,0,0,0,as player,
804,Ted Williams HOF,4,1969,1972,273,364,.429,0,-91,637,0,0,,4,6,5.2,0,0,0,0,0,as player,
805,Maury Wills,2,1980,1981,26,56,.317,1,-30,83,0,0,,6,7,6.7,3,0,0,0,0,as player,
806,Fred Wilson,1,1943,1943,17,33,.340,3,-16,53,0,0,,6,6,6.0,,0,0,0,0,as player,
807,Jimmie Wilson,9,1934,1944,493,735,.401,9,-242,1237,0,0,,4,8,6.7,17,0,0,0,0,as player,plyr/mgr: 1934-1938
808,Jud Wilson HOF,4,1932,1939,105,102,.507,6,3,213,0,0,,2,6,2.8,,0,0,0,0,as player,
809,Bobby Wine,1,1985,1985,16,25,.390,0,-9,41,0,0,,5,5,5.0,0,0,0,0,0,as player,
810,Ivey Wingo,1,1916,1916,1,1,.500,0,0,2,0,0,,7,7,7.0,0,0,0,0,0,as player,plyr/mgr: 1916
811,Bobby Winkles,4,1973,1978,170,213,.444,1,-43,384,0,0,,4,7,5.4,5,0,0,0,0,,
812,Chicken Wolf,1,1889,1889,14,51,.215,0,-37,65,0,0,,8,8,8.0,0,0,0,0,0,as player,plyr/mgr: 1889
813,Harry Wolverton,1,1912,1912,50,102,.329,1,-52,153,0,0,,8,8,8.0,4,0,0,0,0,as player,plyr/mgr: 1912
814,George Wood,1,1891,1891,67,55,.549,3,12,125,0,0,,4,4,4.0,0,0,0,0,0,as player,plyr/mgr: 1891
815,Jimmy Wood,5,1871,1875,105,99,.515,2,6,206,0,0,,2,9,4.7,0,0,0,0,0,as player,plyr/mgr: 1871-1873
816,Parnell Woods,3,1942,1944,116,98,.542,2,18,216,0,0,,1,3,1.6,,0,0,0,0,as player,
817,Chris Woodward,3,2019,2021,160,224,.417,0,-64,384,0,0,,3,5,4.2,6,0,0,0,0,as player,
818,Al Wright,1,1876,1876,14,45,.237,1,-31,60,0,0,,7,7,7.0,0,0,0,0,0,,
819,George Wright HOF,1,1879,1879,59,25,.702,1,34,85,0,0,,1,1,1.0,0,0,0,1,0,as player,plyr/mgr: 1879
820,Harry Wright HOF,23,1871,1893,1225,885,.581,35,340,2145,0,0,,1,6,3.2,0,0,0,6,0,as player,plyr/mgr: 1871-1877
821,Rudy York,1,1959,1959,0,1,.000,0,-1,1,0,0,,5,5,5.0,0,0,0,0,0,as player,
822,Tom York,2,1878,1881,56,37,.602,3,19,96,0,0,,2,3,2.6,0,0,0,0,0,as player,plyr/mgr: 1878-1881
823,Eddie Yost,1,1963,1963,0,1,.000,0,-1,1,0,0,,10,10,10.0,0,0,0,0,0,as player,
824,Ned Yost,16,2003,2019,1203,1341,.473,0,-138,2544,22,9,.710,1,6,3.5,47,2,1,2,2,as player,
825,Cy Young HOF,1,1907,1907,3,3,.500,0,0,6,0,0,,7,7,7.0,0,0,0,0,0,as player,plyr/mgr: 1907
826,Nick Young,3,1871,1873,25,53,.321,2,-28,80,0,0,,4,8,5.9,0,0,0,0,0,,
827,Charles Zimmer,1,1903,1903,49,86,.363,4,-37,139,0,0,,7,7,7.0,0,0,0,0,0,as player,plyr/mgr: 1903
828,Don Zimmer,13,1972,1991,885,858,.508,1,27,1744,1,4,.200,1,6,3.8,20,1,0,0,0,as player,